; RCP 8.5 emissions,,,,,,,,,,,,,,,,,,,,,,,,,,,,,,,,,,,,,,,,
; http://tntcat.iiasa.ac.at:8787/RcpDb/dsd?Action=htmlpage&page=download,,,,,,,,,,,,,,,,,,,,,,,,,,,,,,,,,,,,,,,,
;UNITS:,GtC/yr,GtC/yr,MtCH4/yr,MtN2O-N/yr,MtS/yr,Gg/yr,MtCO/yr,Mt/yr,MtN/yr,Mt/yr,Mt/yr,MtN/yr,kt/yr,kt/yr,kt/yr,kt/yr,kt/yr,kt/yr,kt/yr,kt/yr,kt/yr,kt/yr,kt/yr,kt/yr,kt/yr,kt/yr,kt/yr,kt/yr,kt/yr,kt/yr,kt/yr,kt/yr,kt/yr,kt/yr,kt/yr,kt/yr,kt/yr,kt/yr,kt/yr,kt/yr
Date,ffi_emissions,luc_emissions,CH4_emissions,N2O_emissions,SOx,SO2_emissions,CO_emissions,NMVOC_emissions,NOX_emissions,BC_emissions,OC_emissions,NH3,CF4_emissions,C2F6_emissions,C6F14,HFC23_emissions,HFC32_emissions,HFC4310_emissions,HFC125_emissions,HFC134a_emissions,HFC143a_emissions,HFC227ea_emissions,HFC245fa_emissions,SF6_emissions,CFC11_emissions,CFC12_emissions,CFC113_emissions,CFC114_emissions,CFC115_emissions,CCl4_emissions,CH3CCl3_emissions,HCF22_emissions,HCF141b_emissions,HCF142b_emissions,halon1211_emissions,HALON1202,halon1301_emissions,halon2402_emissions,CH3Br_emissions,CH3Cl_emissions
1765,0.003,0,0,0,0,0,0,0,0,0,0,0.83383669,0.010762744,0,0,0,0,0,0,0,0,0,0,0,0,0,0,0,0,0,0,0,0,0,0,0,0,0,157.267,3100.211
1766,0.003,0,0,0,0,0,0,0,0,0,0,0.83383669,0.010762744,0,0,0,0,0,0,0,0,0,0,0,0,0,0,0,0,0,0,0,0,0,0,0,0,0,157.267,3100.211
1767,0.003,0,0,0,0,0,0,0,0,0,0,0.83383669,0.010762744,0,0,0,0,0,0,0,0,0,0,0,0,0,0,0,0,0,0,0,0,0,0,0,0,0,157.267,3100.211
1768,0.003,0,0,0,0,0,0,0,0,0,0,0.83383669,0.010762744,0,0,0,0,0,0,0,0,0,0,0,0,0,0,0,0,0,0,0,0,0,0,0,0,0,157.267,3100.211
1769,0.003,0,0,0,0,0,0,0,0,0,0,0.83383669,0.010762744,0,0,0,0,0,0,0,0,0,0,0,0,0,0,0,0,0,0,0,0,0,0,0,0,0,157.267,3100.211
1770,0.003,0,0,0,0,0,0,0,0,0,0,0.83383669,0.010762744,0,0,0,0,0,0,0,0,0,0,0,0,0,0,0,0,0,0,0,0,0,0,0,0,0,157.267,3100.211
1771,0.003,0,0,0,0,0,0,0,0,0,0,0.83383669,0.010762744,0,0,0,0,0,0,0,0,0,0,0,0,0,0,0,0,0,0,0,0,0,0,0,0,0,157.267,3100.211
1772,0.003,0,0,0,0,0,0,0,0,0,0,0.83383669,0.010762744,0,0,0,0,0,0,0,0,0,0,0,0,0,0,0,0,0,0,0,0,0,0,0,0,0,157.267,3100.211
1773,0.003,0,0,0,0,0,0,0,0,0,0,0.83383669,0.010762744,0,0,0,0,0,0,0,0,0,0,0,0,0,0,0,0,0,0,0,0,0,0,0,0,0,157.267,3100.211
1774,0.003,0,0,0,0,0,0,0,0,0,0,0.83383669,0.010762744,0,0,0,0,0,0,0,0,0,0,0,0,0,0,0,0,0,0,0,0,0,0,0,0,0,157.267,3100.211
1775,0.003,0,0,0,0,0,0,0,0,0,0,0.83383669,0.010762744,0,0,0,0,0,0,0,0,0,0,0,0,0,0,0,0,0,0,0,0,0,0,0,0,0,157.267,3100.211
1776,0.003,0,0,0,0,0,0,0,0,0,0,0.83383669,0.010762744,0,0,0,0,0,0,0,0,0,0,0,0,0,0,0,0,0,0,0,0,0,0,0,0,0,157.267,3100.211
1777,0.003,0,0,0,0,0,0,0,0,0,0,0.83383669,0.010762744,0,0,0,0,0,0,0,0,0,0,0,0,0,0,0,0,0,0,0,0,0,0,0,0,0,157.267,3100.211
1778,0.003,0,0,0,0,0,0,0,0,0,0,0.83383669,0.010762744,0,0,0,0,0,0,0,0,0,0,0,0,0,0,0,0,0,0,0,0,0,0,0,0,0,157.267,3100.211
1779,0.003,0,0,0,0,0,0,0,0,0,0,0.83383669,0.010762744,0,0,0,0,0,0,0,0,0,0,0,0,0,0,0,0,0,0,0,0,0,0,0,0,0,157.267,3100.211
1780,0.003,0,0,0,0,0,0,0,0,0,0,0.83383669,0.010762744,0,0,0,0,0,0,0,0,0,0,0,0,0,0,0,0,0,0,0,0,0,0,0,0,0,157.267,3100.211
1781,0.003,0,0,0,0,0,0,0,0,0,0,0.83383669,0.010762744,0,0,0,0,0,0,0,0,0,0,0,0,0,0,0,0,0,0,0,0,0,0,0,0,0,157.267,3100.211
1782,0.003,0,0,0,0,0,0,0,0,0,0,0.83383669,0.010762744,0,0,0,0,0,0,0,0,0,0,0,0,0,0,0,0,0,0,0,0,0,0,0,0,0,157.267,3100.211
1783,0.003,0,0,0,0,0,0,0,0,0,0,0.83383669,0.010762744,0,0,0,0,0,0,0,0,0,0,0,0,0,0,0,0,0,0,0,0,0,0,0,0,0,157.267,3100.211
1784,0.003,0,0,0,0,0,0,0,0,0,0,0.83383669,0.010762744,0,0,0,0,0,0,0,0,0,0,0,0,0,0,0,0,0,0,0,0,0,0,0,0,0,157.267,3100.211
1785,0.003,0,0,0,0,0,0,0,0,0,0,0.83383669,0.010762744,0,0,0,0,0,0,0,0,0,0,0,0,0,0,0,0,0,0,0,0,0,0,0,0,0,157.267,3100.211
1786,0.003,0,0,0,0,0,0,0,0,0,0,0.83383669,0.010762744,0,0,0,0,0,0,0,0,0,0,0,0,0,0,0,0,0,0,0,0,0,0,0,0,0,157.267,3100.211
1787,0.003,0,0,0,0,0,0,0,0,0,0,0.83383669,0.010762744,0,0,0,0,0,0,0,0,0,0,0,0,0,0,0,0,0,0,0,0,0,0,0,0,0,157.267,3100.211
1788,0.003,0,0,0,0,0,0,0,0,0,0,0.83383669,0.010762744,0,0,0,0,0,0,0,0,0,0,0,0,0,0,0,0,0,0,0,0,0,0,0,0,0,157.267,3100.211
1789,0.003,0,0,0,0,0,0,0,0,0,0,0.83383669,0.010762744,0,0,0,0,0,0,0,0,0,0,0,0,0,0,0,0,0,0,0,0,0,0,0,0,0,157.267,3100.211
1790,0.003,0,0,0,0,0,0,0,0,0,0,0.83383669,0.010762744,0,0,0,0,0,0,0,0,0,0,0,0,0,0,0,0,0,0,0,0,0,0,0,0,0,157.267,3100.211
1791,0.003,0,0,0,0,0,0,0,0,0,0,0.83383669,0.010762744,0,0,0,0,0,0,0,0,0,0,0,0,0,0,0,0,0,0,0,0,0,0,0,0,0,157.267,3100.211
1792,0.003,0,0,0,0,0,0,0,0,0,0,0.83383669,0.010762744,0,0,0,0,0,0,0,0,0,0,0,0,0,0,0,0,0,0,0,0,0,0,0,0,0,157.267,3100.211
1793,0.003,0,0,0,0,0,0,0,0,0,0,0.83383669,0.010762744,0,0,0,0,0,0,0,0,0,0,0,0,0,0,0,0,0,0,0,0,0,0,0,0,0,157.267,3100.211
1794,0.003,0,0,0,0,0,0,0,0,0,0,0.83383669,0.010762744,0,0,0,0,0,0,0,0,0,0,0,0,0,0,0,0,0,0,0,0,0,0,0,0,0,157.267,3100.211
1795,0.003,0,0,0,0,0,0,0,0,0,0,0.83383669,0.010762744,0,0,0,0,0,0,0,0,0,0,0,0,0,0,0,0,0,0,0,0,0,0,0,0,0,157.267,3100.211
1796,0.003,0,0,0,0,0,0,0,0,0,0,0.83383669,0.010762744,0,0,0,0,0,0,0,0,0,0,0,0,0,0,0,0,0,0,0,0,0,0,0,0,0,157.267,3100.211
1797,0.003,0,0,0,0,0,0,0,0,0,0,0.83383669,0.010762744,0,0,0,0,0,0,0,0,0,0,0,0,0,0,0,0,0,0,0,0,0,0,0,0,0,157.267,3100.211
1798,0.003,0,0,0,0,0,0,0,0,0,0,0.83383669,0.010762744,0,0,0,0,0,0,0,0,0,0,0,0,0,0,0,0,0,0,0,0,0,0,0,0,0,157.267,3100.211
1799,0.003,0,0,0,0,0,0,0,0,0,0,0.83383669,0.010762744,0,0,0,0,0,0,0,0,0,0,0,0,0,0,0,0,0,0,0,0,0,0,0,0,0,157.267,3100.211
1800,0.003,0,0,0,0,0,0,0,0,0,0,0.83383669,0.010762744,0,0,0,0,0,0,0,0,0,0,0,0,0,0,0,0,0,0,0,0,0,0,0,0,0,157.267,3100.211
1801,0.003,0,0,0,0,0,0,0,0,0,0,0.83383669,0.010762744,0,0,0,0,0,0,0,0,0,0,0,0,0,0,0,0,0,0,0,0,0,0,0,0,0,157.267,3100.211
1802,0.003,0,0,0,0,0,0,0,0,0,0,0.83383669,0.010762744,0,0,0,0,0,0,0,0,0,0,0,0,0,0,0,0,0,0,0,0,0,0,0,0,0,157.267,3100.211
1803,0.003,0,0,0,0,0,0,0,0,0,0,0.83383669,0.010762744,0,0,0,0,0,0,0,0,0,0,0,0,0,0,0,0,0,0,0,0,0,0,0,0,0,157.267,3100.211
1804,0.003,0,0,0,0,0,0,0,0,0,0,0.83383669,0.010762744,0,0,0,0,0,0,0,0,0,0,0,0,0,0,0,0,0,0,0,0,0,0,0,0,0,157.267,3100.211
1805,0.003,0,0,0,0,0,0,0,0,0,0,0.83383669,0.010762744,0,0,0,0,0,0,0,0,0,0,0,0,0,0,0,0,0,0,0,0,0,0,0,0,0,157.267,3100.211
1806,0.003,0,0,0,0,0,0,0,0,0,0,0.83383669,0.010762744,0,0,0,0,0,0,0,0,0,0,0,0,0,0,0,0,0,0,0,0,0,0,0,0,0,157.267,3100.211
1807,0.003,0,0,0,0,0,0,0,0,0,0,0.83383669,0.010762744,0,0,0,0,0,0,0,0,0,0,0,0,0,0,0,0,0,0,0,0,0,0,0,0,0,157.267,3100.211
1808,0.003,0,0,0,0,0,0,0,0,0,0,0.83383669,0.010762744,0,0,0,0,0,0,0,0,0,0,0,0,0,0,0,0,0,0,0,0,0,0,0,0,0,157.267,3100.211
1809,0.003,0,0,0,0,0,0,0,0,0,0,0.83383669,0.010762744,0,0,0,0,0,0,0,0,0,0,0,0,0,0,0,0,0,0,0,0,0,0,0,0,0,157.267,3100.211
1810,0.003,0,0,0,0,0,0,0,0,0,0,0.83383669,0.010762744,0,0,0,0,0,0,0,0,0,0,0,0,0,0,0,0,0,0,0,0,0,0,0,0,0,157.267,3100.211
1811,0.003,0,0,0,0,0,0,0,0,0,0,0.83383669,0.010762744,0,0,0,0,0,0,0,0,0,0,0,0,0,0,0,0,0,0,0,0,0,0,0,0,0,157.267,3100.211
1812,0.003,0,0,0,0,0,0,0,0,0,0,0.83383669,0.010762744,0,0,0,0,0,0,0,0,0,0,0,0,0,0,0,0,0,0,0,0,0,0,0,0,0,157.267,3100.211
1813,0.003,0,0,0,0,0,0,0,0,0,0,0.83383669,0.010762744,0,0,0,0,0,0,0,0,0,0,0,0,0,0,0,0,0,0,0,0,0,0,0,0,0,157.267,3100.211
1814,0.003,0,0,0,0,0,0,0,0,0,0,0.83383669,0.010762744,0,0,0,0,0,0,0,0,0,0,0,0,0,0,0,0,0,0,0,0,0,0,0,0,0,157.267,3100.211
1815,0.003,0,0,0,0,0,0,0,0,0,0,0.83383669,0.010762744,0,0,0,0,0,0,0,0,0,0,0,0,0,0,0,0,0,0,0,0,0,0,0,0,0,157.267,3100.211
1816,0.003,0,0,0,0,0,0,0,0,0,0,0.83383669,0.010762744,0,0,0,0,0,0,0,0,0,0,0,0,0,0,0,0,0,0,0,0,0,0,0,0,0,157.267,3100.211
1817,0.003,0,0,0,0,0,0,0,0,0,0,0.83383669,0.010762744,0,0,0,0,0,0,0,0,0,0,0,0,0,0,0,0,0,0,0,0,0,0,0,0,0,157.267,3100.211
1818,0.003,0,0,0,0,0,0,0,0,0,0,0.83383669,0.010762744,0,0,0,0,0,0,0,0,0,0,0,0,0,0,0,0,0,0,0,0,0,0,0,0,0,157.267,3100.211
1819,0.003,0,0,0,0,0,0,0,0,0,0,0.83383669,0.010762744,0,0,0,0,0,0,0,0,0,0,0,0,0,0,0,0,0,0,0,0,0,0,0,0,0,157.267,3100.211
1820,0.003,0,0,0,0,0,0,0,0,0,0,0.83383669,0.010762744,0,0,0,0,0,0,0,0,0,0,0,0,0,0,0,0,0,0,0,0,0,0,0,0,0,157.267,3100.211
1821,0.003,0,0,0,0,0,0,0,0,0,0,0.83383669,0.010762744,0,0,0,0,0,0,0,0,0,0,0,0,0,0,0,0,0,0,0,0,0,0,0,0,0,157.267,3100.211
1822,0.003,0,0,0,0,0,0,0,0,0,0,0.83383669,0.010762744,0,0,0,0,0,0,0,0,0,0,0,0,0,0,0,0,0,0,0,0,0,0,0,0,0,157.267,3100.211
1823,0.003,0,0,0,0,0,0,0,0,0,0,0.83383669,0.010762744,0,0,0,0,0,0,0,0,0,0,0,0,0,0,0,0,0,0,0,0,0,0,0,0,0,157.267,3100.211
1824,0.003,0,0,0,0,0,0,0,0,0,0,0.83383669,0.010762744,0,0,0,0,0,0,0,0,0,0,0,0,0,0,0,0,0,0,0,0,0,0,0,0,0,157.267,3100.211
1825,0.003,0,0,0,0,0,0,0,0,0,0,0.83383669,0.010762744,0,0,0,0,0,0,0,0,0,0,0,0,0,0,0,0,0,0,0,0,0,0,0,0,0,157.267,3100.211
1826,0.003,0,0,0,0,0,0,0,0,0,0,0.83383669,0.010762744,0,0,0,0,0,0,0,0,0,0,0,0,0,0,0,0,0,0,0,0,0,0,0,0,0,157.267,3100.211
1827,0.003,0,0,0,0,0,0,0,0,0,0,0.83383669,0.010762744,0,0,0,0,0,0,0,0,0,0,0,0,0,0,0,0,0,0,0,0,0,0,0,0,0,157.267,3100.211
1828,0.003,0,0,0,0,0,0,0,0,0,0,0.83383669,0.010762744,0,0,0,0,0,0,0,0,0,0,0,0,0,0,0,0,0,0,0,0,0,0,0,0,0,157.267,3100.211
1829,0.003,0,0,0,0,0,0,0,0,0,0,0.83383669,0.010762744,0,0,0,0,0,0,0,0,0,0,0,0,0,0,0,0,0,0,0,0,0,0,0,0,0,157.267,3100.211
1830,0.003,0,0,0,0,0,0,0,0,0,0,0.83383669,0.010762744,0,0,0,0,0,0,0,0,0,0,0,0,0,0,0,0,0,0,0,0,0,0,0,0,0,157.267,3100.211
1831,0.003,0,0,0,0,0,0,0,0,0,0,0.83383669,0.010762744,0,0,0,0,0,0,0,0,0,0,0,0,0,0,0,0,0,0,0,0,0,0,0,0,0,157.267,3100.211
1832,0.003,0,0,0,0,0,0,0,0,0,0,0.83383669,0.010762744,0,0,0,0,0,0,0,0,0,0,0,0,0,0,0,0,0,0,0,0,0,0,0,0,0,157.267,3100.211
1833,0.003,0,0,0,0,0,0,0,0,0,0,0.83383669,0.010762744,0,0,0,0,0,0,0,0,0,0,0,0,0,0,0,0,0,0,0,0,0,0,0,0,0,157.267,3100.211
1834,0.003,0,0,0,0,0,0,0,0,0,0,0.83383669,0.010762744,0,0,0,0,0,0,0,0,0,0,0,0,0,0,0,0,0,0,0,0,0,0,0,0,0,157.267,3100.211
1835,0.003,0,0,0,0,0,0,0,0,0,0,0.83383669,0.010762744,0,0,0,0,0,0,0,0,0,0,0,0,0,0,0,0,0,0,0,0,0,0,0,0,0,157.267,3100.211
1836,0.003,0,0,0,0,0,0,0,0,0,0,0.83383669,0.010762744,0,0,0,0,0,0,0,0,0,0,0,0,0,0,0,0,0,0,0,0,0,0,0,0,0,157.267,3100.211
1837,0.003,0,0,0,0,0,0,0,0,0,0,0.83383669,0.010762744,0,0,0,0,0,0,0,0,0,0,0,0,0,0,0,0,0,0,0,0,0,0,0,0,0,157.267,3100.211
1838,0.003,0,0,0,0,0,0,0,0,0,0,0.83383669,0.010762744,0,0,0,0,0,0,0,0,0,0,0,0,0,0,0,0,0,0,0,0,0,0,0,0,0,157.267,3100.211
1839,0.003,0,0,0,0,0,0,0,0,0,0,0.83383669,0.010762744,0,0,0,0,0,0,0,0,0,0,0,0,0,0,0,0,0,0,0,0,0,0,0,0,0,157.267,3100.211
1840,0.003,0,0,0,0,0,0,0,0,0,0,0.83383669,0.010762744,0,0,0,0,0,0,0,0,0,0,0,0,0,0,0,0,0,0,0,0,0,0,0,0,0,157.267,3100.211
1841,0.003,0,0,0,0,0,0,0,0,0,0,0.83383669,0.010762744,0,0,0,0,0,0,0,0,0,0,0,0,0,0,0,0,0,0,0,0,0,0,0,0,0,157.267,3100.211
1842,0.003,0,0,0,0,0,0,0,0,0,0,0.83383669,0.010762744,0,0,0,0,0,0,0,0,0,0,0,0,0,0,0,0,0,0,0,0,0,0,0,0,0,157.267,3100.211
1843,0.003,0,0,0,0,0,0,0,0,0,0,0.83383669,0.010762744,0,0,0,0,0,0,0,0,0,0,0,0,0,0,0,0,0,0,0,0,0,0,0,0,0,157.267,3100.211
1844,0.003,0,0,0,0,0,0,0,0,0,0,0.83383669,0.010762744,0,0,0,0,0,0,0,0,0,0,0,0,0,0,0,0,0,0,0,0,0,0,0,0,0,157.267,3100.211
1845,0.003,0,0,0,0,0,0,0,0,0,0,0.83383669,0.010762744,0,0,0,0,0,0,0,0,0,0,0,0,0,0,0,0,0,0,0,0,0,0,0,0,0,157.267,3100.211
1846,0.003,0,0,0,0,0,0,0,0,0,0,0.83383669,0.010762744,0,0,0,0,0,0,0,0,0,0,0,0,0,0,0,0,0,0,0,0,0,0,0,0,0,157.267,3100.211
1847,0.003,0,0,0,0,0,0,0,0,0,0,0.83383669,0.010762744,0,0,0,0,0,0,0,0,0,0,0,0,0,0,0,0,0,0,0,0,0,0,0,0,0,157.267,3100.211
1848,0.003,0,0,0,0,0,0,0,0,0,0,0.83383669,0.010762744,0,0,0,0,0,0,0,0,0,0,0,0,0,0,0,0,0,0,0,0,0,0,0,0,0,157.267,3100.211
1849,0.003,0,0,0,0,0,0,0,0,0,0,0.83383669,0.010762744,0,0,0,0,0,0,0,0,0,0,0,0,0,0,0,0,0,0,0,0,0,0,0,0,0,157.267,3100.211
1850,0.003,0,0,0,0,0,0,0,0,0,0,0.83383669,0.010762744,0,0,0,0,0,0,0,0,0,0,0,0,0,0,0,0,0,0,0,0,0,0,0,0,0,157.267,3100.211
1851,0.003,0,0,0,0,0,0,0,0,0,0,0.83383669,0.010762744,0,0,0,0,0,0,0,0,0,0,0,0,0,0,0,0,0,0,0,0,0,0,0,0,0,157.267,3100.211
1852,0.003,0,0,0,0,0,0,0,0,0,0,0.83383669,0.010762744,0,0,0,0,0,0,0,0,0,0,0,0,0,0,0,0,0,0,0,0,0,0,0,0,0,157.267,3100.211
1853,0.003,0,0,0,0,0,0,0,0,0,0,0.83383669,0.010762744,0,0,0,0,0,0,0,0,0,0,0,0,0,0,0,0,0,0,0,0,0,0,0,0,0,157.267,3100.211
1854,0.003,0,0,0,0,0,0,0,0,0,0,0.83383669,0.010762744,0,0,0,0,0,0,0,0,0,0,0,0,0,0,0,0,0,0,0,0,0,0,0,0,0,157.267,3100.211
1855,0.003,0,0,0,0,0,0,0,0,0,0,0.83383669,0.010762744,0,0,0,0,0,0,0,0,0,0,0,0,0,0,0,0,0,0,0,0,0,0,0,0,0,157.267,3100.211
1856,0.003,0,0,0,0,0,0,0,0,0,0,0.83383669,0.010762744,0,0,0,0,0,0,0,0,0,0,0,0,0,0,0,0,0,0,0,0,0,0,0,0,0,157.267,3100.211
1857,0.003,0,0,0,0,0,0,0,0,0,0,0.83383669,0.010762744,0,0,0,0,0,0,0,0,0,0,0,0,0,0,0,0,0,0,0,0,0,0,0,0,0,157.267,3100.211
1858,0.003,0,0,0,0,0,0,0,0,0,0,0.83383669,0.010762744,0,0,0,0,0,0,0,0,0,0,0,0,0,0,0,0,0,0,0,0,0,0,0,0,0,157.267,3100.211
1859,0.003,0,0,0,0,0,0,0,0,0,0,0.83383669,0.010762744,0,0,0,0,0,0,0,0,0,0,0,0,0,0,0,0,0,0,0,0,0,0,0,0,0,157.267,3100.211
1860,0.003,0,0,0,0,0,0,0,0,0,0,0.83383669,0.010762744,0,0,0,0,0,0,0,0,0,0,0,0,0,0,0,0,0,0,0,0,0,0,0,0,0,157.267,3100.211
1861,0.003,0,0,0,0,0,0,0,0,0,0,0.83383669,0.010762744,0,0,0,0,0,0,0,0,0,0,0,0,0,0,0,0,0,0,0,0,0,0,0,0,0,157.267,3100.211
1862,0.003,0,0,0,0,0,0,0,0,0,0,0.83383669,0.010762744,0,0,0,0,0,0,0,0,0,0,0,0,0,0,0,0,0,0,0,0,0,0,0,0,0,157.267,3100.211
1863,0.003,0,0,0,0,0,0,0,0,0,0,0.83383669,0.010762744,0,0,0,0,0,0,0,0,0,0,0,0,0,0,0,0,0,0,0,0,0,0,0,0,0,157.267,3100.211
1864,0.003,0,0,0,0,0,0,0,0,0,0,0.83383669,0.010762744,0,0,0,0,0,0,0,0,0,0,0,0,0,0,0,0,0,0,0,0,0,0,0,0,0,157.267,3100.211
1865,0.003,0,0,0,0,0,0,0,0,0,0,0.83383669,0.010762744,0,0,0,0,0,0,0,0,0,0,0,0,0,0,0,0,0,0,0,0,0,0,0,0,0,157.267,3100.211
1866,0.003,0,0,0,0,0,0,0,0,0,0,0.83383669,0.010762744,0,0,0,0,0,0,0,0,0,0,0,0,0,0,0,0,0,0,0,0,0,0,0,0,0,157.267,3100.211
1867,0.003,0,0,0,0,0,0,0,0,0,0,0.83383669,0.010762744,0,0,0,0,0,0,0,0,0,0,0,0,0,0,0,0,0,0,0,0,0,0,0,0,0,157.267,3100.211
1868,0.003,0,0,0,0,0,0,0,0,0,0,0.83383669,0.010762744,0,0,0,0,0,0,0,0,0,0,0,0,0,0,0,0,0,0,0,0,0,0,0,0,0,157.267,3100.211
1869,0.003,0,0,0,0,0,0,0,0,0,0,0.83383669,0.010762744,0,0,0,0,0,0,0,0,0,0,0,0,0,0,0,0,0,0,0,0,0,0,0,0,0,157.267,3100.211
1870,0.003,0,0,0,0,0,0,0,0,0,0,0.83383669,0.010762744,0,0,0,0,0,0,0,0,0,0,0,0,0,0,0,0,0,0,0,0,0,0,0,0,0,157.267,3100.211
1871,0.003,0,0,0,0,0,0,0,0,0,0,0.83383669,0.010762744,0,0,0,0,0,0,0,0,0,0,0,0,0,0,0,0,0,0,0,0,0,0,0,0,0,157.267,3100.211
1872,0.003,0,0,0,0,0,0,0,0,0,0,0.83383669,0.010762744,0,0,0,0,0,0,0,0,0,0,0,0,0,0,0,0,0,0,0,0,0,0,0,0,0,157.267,3100.211
1873,0.003,0,0,0,0,0,0,0,0,0,0,0.83383669,0.010762744,0,0,0,0,0,0,0,0,0,0,0,0,0,0,0,0,0,0,0,0,0,0,0,0,0,157.267,3100.211
1874,0.003,0,0,0,0,0,0,0,0,0,0,0.83383669,0.010762744,0,0,0,0,0,0,0,0,0,0,0,0,0,0,0,0,0,0,0,0,0,0,0,0,0,157.267,3100.211
1875,0.003,0,0,0,0,0,0,0,0,0,0,0.83383669,0.010762744,0,0,0,0,0,0,0,0,0,0,0,0,0,0,0,0,0,0,0,0,0,0,0,0,0,157.267,3100.211
1876,0.003,0,0,0,0,0,0,0,0,0,0,0.83383669,0.010762744,0,0,0,0,0,0,0,0,0,0,0,0,0,0,0,0,0,0,0,0,0,0,0,0,0,157.267,3100.211
1877,0.003,0,0,0,0,0,0,0,0,0,0,0.83383669,0.010762744,0,0,0,0,0,0,0,0,0,0,0,0,0,0,0,0,0,0,0,0,0,0,0,0,0,157.267,3100.211
1878,0.003,0,0,0,0,0,0,0,0,0,0,0.83383669,0.010762744,0,0,0,0,0,0,0,0,0,0,0,0,0,0,0,0,0,0,0,0,0,0,0,0,0,157.267,3100.211
1879,0.003,0,0,0,0,0,0,0,0,0,0,0.83383669,0.010762744,0,0,0,0,0,0,0,0,0,0,0,0,0,0,0,0,0,0,0,0,0,0,0,0,0,157.267,3100.211
1880,0.003,0,0,0,0,0,0,0,0,0,0,0.83383669,0.010762744,0,0,0,0,0,0,0,0,0,0,0,0,0,0,0,0,0,0,0,0,0,0,0,0,0,157.267,3100.211
1881,0.003,0,0,0,0,0,0,0,0,0,0,0.83383669,0.010762744,0,0,0,0,0,0,0,0,0,0,0,0,0,0,0,0,0,0,0,0,0,0,0,0,0,157.267,3100.211
1882,0.003,0,0,0,0,0,0,0,0,0,0,0.83383669,0.010762744,0,0,0,0,0,0,0,0,0,0,0,0,0,0,0,0,0,0,0,0,0,0,0,0,0,157.267,3100.211
1883,0.003,0,0,0,0,0,0,0,0,0,0,0.83383669,0.010762744,0,0,0,0,0,0,0,0,0,0,0,0,0,0,0,0,0,0,0,0,0,0,0,0,0,157.267,3100.211
1884,0.003,0,0,0,0,0,0,0,0,0,0,0.83383669,0.010762744,0,0,0,0,0,0,0,0,0,0,0,0,0,0,0,0,0,0,0,0,0,0,0,0,0,157.267,3100.211
1885,0.003,0,0,0,0,0,0,0,0,0,0,0.83383669,0.010762744,0,0,0,0,0,0,0,0,0,0,0,0,0,0,0,0,0,0,0,0,0,0,0,0,0,157.267,3100.211
1886,0.003,0,0,0,0,0,0,0,0,0,0,0.83383669,0.010762744,0,0,0,0,0,0,0,0,0,0,0,0,0,0,0,0,0,0,0,0,0,0,0,0,0,157.267,3100.211
1887,0.003,0,0,0,0,0,0,0,0,0,0,0.83383669,0.010762744,0,0,0,0,0,0,0,0,0,0,0,0,0,0,0,0,0,0,0,0,0,0,0,0,0,157.267,3100.211
1888,0.003,0,0,0,0,0,0,0,0,0,0,0.83383669,0.010762744,0,0,0,0,0,0,0,0,0,0,0,0,0,0,0,0,0,0,0,0,0,0,0,0,0,157.267,3100.211
1889,0.003,0,0,0,0,0,0,0,0,0,0,0.83383669,0.010762744,0,0,0,0,0,0,0,0,0,0,0,0,0,0,0,0,0,0,0,0,0,0,0,0,0,157.267,3100.211
1890,0.003,0,0,0,0,0,0,0,0,0,0,0.83383669,0.010762744,0,0,0,0,0,0,0,0,0,0,0,0,0,0,0,0,0,0,0,0,0,0,0,0,0,157.267,3100.211
1891,0.003,0,0,0,0,0,0,0,0,0,0,0.83383669,0.010762744,0,0,0,0,0,0,0,0,0,0,0,0,0,0,0,0,0,0,0,0,0,0,0,0,0,157.267,3100.211
1892,0.003,0,0,0,0,0,0,0,0,0,0,0.83383669,0.010762744,0,0,0,0,0,0,0,0,0,0,0,0,0,0,0,0,0,0,0,0,0,0,0,0,0,157.267,3100.211
1893,0.003,0,0,0,0,0,0,0,0,0,0,0.83383669,0.010762744,0,0,0,0,0,0,0,0,0,0,0,0,0,0,0,0,0,0,0,0,0,0,0,0,0,157.267,3100.211
1894,0.003,0,0,0,0,0,0,0,0,0,0,0.83383669,0.010762744,0,0,0,0,0,0,0,0,0,0,0,0,0,0,0,0,0,0,0,0,0,0,0,0,0,157.267,3100.211
1895,0.003,0,0,0,0,0,0,0,0,0,0,0.83383669,0.010762744,0,0,0,0,0,0,0,0,0,0,0,0,0,0,0,0,0,0,0,0,0,0,0,0,0,157.267,3100.211
1896,0.003,0,0,0,0,0,0,0,0,0,0,0.83383669,0.010762744,0,0,0,0,0,0,0,0,0,0,0,0,0,0,0,0,0,0,0,0,0,0,0,0,0,157.267,3100.211
1897,0.003,0,0,0,0,0,0,0,0,0,0,0.83383669,0.010762744,0,0,0,0,0,0,0,0,0,0,0,0,0,0,0,0,0,0,0,0,0,0,0,0,0,157.267,3100.211
1898,0.003,0,0,0,0,0,0,0,0,0,0,0.83383669,0.010762744,0,0,0,0,0,0,0,0,0,0,0,0,0,0,0,0,0,0,0,0,0,0,0,0,0,157.267,3100.211
1899,0.003,0,0,0,0,0,0,0,0,0,0,0.83383669,0.010762744,0,0,0,0,0,0,0,0,0,0,0,0,0,0,0,0,0,0,0,0,0,0,0,0,0,157.267,3100.211
1900,0.003,0,0,0,0,0,0,0,0,0,0,0.83383669,0.010762744,0,0,0,0,0,0,0,0,0,0,0,0,0,0,0,0,0,0,0,0,0,0,0,0,0,157.267,3100.211
1901,0.003,0,0,0,0,0,0,0,0,0,0,0.83383669,0.010762744,0,0,0,0,0,0,0,0,0,0,0,0,0,0,0,0,0,0,0,0,0,0,0,0,0,157.267,3100.211
1902,0.003,0,0,0,0,0,0,0,0,0,0,0.83383669,0.010762744,0,0,0,0,0,0,0,0,0,0,0,0,0,0,0,0,0,0,0,0,0,0,0,0,0,157.267,3100.211
1903,0.003,0,0,0,0,0,0,0,0,0,0,0.83383669,0.010762744,0,0,0,0,0,0,0,0,0,0,0,0,0,0,0,0,0,0,0,0,0,0,0,0,0,157.267,3100.211
1904,0.003,0,0,0,0,0,0,0,0,0,0,0.83383669,0.010762744,0,0,0,0,0,0,0,0,0,0,0,0,0,0,0,0,0,0,0,0,0,0,0,0,0,157.267,3100.211
1905,0.003,0,0,0,0,0,0,0,0,0,0,0.83383669,0.010762744,0,0,0,0,0,0,0,0,0,0,0,0,0,0,0,0,0,0,0,0,0,0,0,0,0,157.267,3100.211
1906,0.003,0,0,0,0,0,0,0,0,0,0,0.83383669,0.010762744,0,0,0,0,0,0,0,0,0,0,0,0,0,0,0,0,0,0,0,0,0,0,0,0,0,157.267,3100.211
1907,0.003,0,0,0,0,0,0,0,0,0,0,0.83383669,0.010762744,0,0,0,0,0,0,0,0,0,0,0,0,0,0,0,0,0,0,0,0,0,0,0,0,0,157.267,3100.211
1908,0.003,0,0,0,0,0,0,0,0,0,0,0.83383669,0.010762744,0,0,0,0,0,0,0,0,0,0,0,0,0,0,0,0,0,0,0,0,0,0,0,0,0,157.267,3100.211
1909,0.003,0,0,0,0,0,0,0,0,0,0,0.83383669,0.010762744,0,0,0,0,0,0,0,0,0,0,0,0,0,0,0,0,0,0,0,0,0,0,0,0,0,157.267,3100.211
1910,0.003,0,0,0,0,0,0,0,0,0,0,0.83383669,0.010762744,0,0,0,0,0,0,0,0,0,0,0,0,0,0,0,0,0,0,0,0,0,0,0,0,0,157.267,3100.211
1911,0.003,0,0,0,0,0,0,0,0,0,0,0.83383669,0.010762744,0,0,0,0,0,0,0,0,0,0,0,0,0,0,0,0,0,0,0,0,0,0,0,0,0,157.267,3100.211
1912,0.003,0,0,0,0,0,0,0,0,0,0,0.83383669,0.010762744,0,0,0,0,0,0,0,0,0,0,0,0,0,0,0,0,0,0,0,0,0,0,0,0,0,157.267,3100.211
1913,0.003,0,0,0,0,0,0,0,0,0,0,0.83383669,0.010762744,0,0,0,0,0,0,0,0,0,0,0,0,0,0,0,0,0,0,0,0,0,0,0,0,0,157.267,3100.211
1914,0.003,0,0,0,0,0,0,0,0,0,0,0.83383669,0.010762744,0,0,0,0,0,0,0,0,0,0,0,0,0,0,0,0,0,0,0,0,0,0,0,0,0,157.267,3100.211
1915,0.003,0,0,0,0,0,0,0,0,0,0,0.83383669,0.010762744,0,0,0,0,0,0,0,0,0,0,0,0,0,0,0,0,0,0,0,0,0,0,0,0,0,157.267,3100.211
1916,0.003,0,0,0,0,0,0,0,0,0,0,0.83383669,0.010762744,0,0,0,0,0,0,0,0,0,0,0,0,0,0,0,0,0,0,0,0,0,0,0,0,0,157.267,3100.211
1917,0.003,0,0,0,0,0,0,0,0,0,0,0.83383669,0.010762744,0,0,0,0,0,0,0,0,0,0,0,0,0,0,0,0,0,0,0,0,0,0,0,0,0,157.267,3100.211
1918,0.003,0,0,0,0,0,0,0,0,0,0,0.83383669,0.010762744,0,0,0,0,0,0,0,0,0,0,0,0,0,0,0,0,0,0,0,0,0,0,0,0,0,157.267,3100.211
1919,0.003,0,0,0,0,0,0,0,0,0,0,0.83383669,0.010762744,0,0,0,0,0,0,0,0,0,0,0,0,0,0,0,0,0,0,0,0,0,0,0,0,0,157.267,3100.211
1920,0.003,0,0,0,0,0,0,0,0,0,0,0.83383669,0.010762744,0,0,0,0,0,0,0,0,0,0,0,0,0,0,0,0,0,0,0,0,0,0,0,0,0,157.267,3100.211
1921,0.003,0,0,0,0,0,0,0,0,0,0,0.83383669,0.010762744,0,0,0,0,0,0,0,0,0,0,0,0,0,0,0,0,0,0,0,0,0,0,0,0,0,157.267,3100.211
1922,0.003,0,0,0,0,0,0,0,0,0,0,0.83383669,0.010762744,0,0,0,0,0,0,0,0,0,0,0,0,0,0,0,0,0,0,0,0,0,0,0,0,0,157.267,3100.211
1923,0.003,0,0,0,0,0,0,0,0,0,0,0.83383669,0.010762744,0,0,0,0,0,0,0,0,0,0,0,0,0,0,0,0,0,0,0,0,0,0,0,0,0,157.267,3100.211
1924,0.003,0,0,0,0,0,0,0,0,0,0,0.83383669,0.010762744,0,0,0,0,0,0,0,0,0,0,0,0,0,0,0,0,0,0,0,0,0,0,0,0,0,157.267,3100.211
1925,0.003,0,0,0,0,0,0,0,0,0,0,0.83383669,0.010762744,0,0,0,0,0,0,0,0,0,0,0,0,0,0,0,0,0,0,0,0,0,0,0,0,0,157.267,3100.211
1926,0.003,0,0,0,0,0,0,0,0,0,0,0.83383669,0.010762744,0,0,0,0,0,0,0,0,0,0,0,0,0,0,0,0,0,0,0,0,0,0,0,0,0,157.267,3100.211
1927,0.003,0,0,0,0,0,0,0,0,0,0,0.83383669,0.010762744,0,0,0,0,0,0,0,0,0,0,0,0,0,0,0,0,0,0,0,0,0,0,0,0,0,157.267,3100.211
1928,0.003,0,0,0,0,0,0,0,0,0,0,0.83383669,0.010762744,0,0,0,0,0,0,0,0,0,0,0,0,0,0,0,0,0,0,0,0,0,0,0,0,0,157.267,3100.211
1929,0.003,0,0,0,0,0,0,0,0,0,0,0.83383669,0.010762744,0,0,0,0,0,0,0,0,0,0,0,0,0,0,0,0,0,0,0,0,0,0,0,0,0,157.267,3100.211
1930,0.003,0,0,0,0,0,0,0,0,0,0,0.83383669,0.010762744,0,0,0,0,0,0,0,0,0,0,0,0,0,0,0,0,0,0,0,0,0,0,0,0,0,157.267,3100.211
1931,0.003,0,0,0,0,0,0,0,0,0,0,0.83383669,0.010762744,0,0,0,0,0,0,0,0,0,0,0,0,0,0,0,0,0,0,0,0,0,0,0,0,0,157.267,3100.211
1932,0.003,0,0,0,0,0,0,0,0,0,0,0.83383669,0.010762744,0,0,0,0,0,0,0,0,0,0,0,0,0,0,0,0,0,0,0,0,0,0,0,0,0,157.267,3100.211
1933,0.003,0,0,0,0,0,0,0,0,0,0,0.83383669,0.010762744,0,0,0,0,0,0,0,0,0,0,0,0,0,0,0,0,0,0,0,0,0,0,0,0,0,157.267,3100.211
1934,0.003,0,0,0,0,0,0,0,0,0,0,0.83383669,0.010762744,0,0,0,0,0,0,0,0,0,0,0,0,0,0,0,0,0,0,0,0,0,0,0,0,0,157.267,3100.211
1935,0.003,0,0,0,0,0,0,0,0,0,0,0.83383669,0.010762744,0,0,0,0,0,0,0,0,0,0,0,0,0,0,0,0,0,0,0,0,0,0,0,0,0,157.267,3100.211
1936,0.003,0,0,0,0,0,0,0,0,0,0,0.83383669,0.010762744,0,0,0,0,0,0,0,0,0,0,0,0,0,0,0,0,0,0,0,0,0,0,0,0,0,157.267,3100.211
1937,0.003,0,0,0,0,0,0,0,0,0,0,0.83383669,0.010762744,0,0,0,0,0,0,0,0,0,0,0,0,0,0,0,0,0,0,0,0,0,0,0,0,0,157.267,3100.211
1938,0.003,0,0,0,0,0,0,0,0,0,0,0.83383669,0.010762744,0,0,0,0,0,0,0,0,0,0,0,0,0,0,0,0,0,0,0,0,0,0,0,0,0,157.267,3100.211
1939,0.003,0,0,0,0,0,0,0,0,0,0,0.83383669,0.010762744,0,0,0,0,0,0,0,0,0,0,0,0,0,0,0,0,0,0,0,0,0,0,0,0,0,157.267,3100.211
1940,0.003,0,0,0,0,0,0,0,0,0,0,0.83383669,0.010762744,0,0,0,0,0,0,0,0,0,0,0,0,0,0,0,0,0,0,0,0,0,0,0,0,0,157.267,3100.211
1941,0.003,0,0,0,0,0,0,0,0,0,0,0.83383669,0.010762744,0,0,0,0,0,0,0,0,0,0,0,0,0,0,0,0,0,0,0,0,0,0,0,0,0,157.267,3100.211
1942,0.003,0,0,0,0,0,0,0,0,0,0,0.83383669,0.010762744,0,0,0,0,0,0,0,0,0,0,0,0,0,0,0,0,0,0,0,0,0,0,0,0,0,157.267,3100.211
1943,0.003,0,0,0,0,0,0,0,0,0,0,0.83383669,0.010762744,0,0,0,0,0,0,0,0,0,0,0,0,0,0,0,0,0,0,0,0,0,0,0,0,0,157.267,3100.211
1944,0.003,0,0,0,0,0,0,0,0,0,0,0.83383669,0.010762744,0,0,0,0,0,0,0,0,0,0,0,0,0,0,0,0,0,0,0,0,0,0,0,0,0,157.267,3100.211
1945,0.003,0,0,0,0,0,0,0,0,0,0,0.83383669,0.010762744,0,0,0,0,0,0,0,0,0,0,0,0,0,0,0,0,0,0,0,0,0,0,0,0,0,157.267,3100.211
1946,0.003,0,0,0,0,0,0,0,0,0,0,0.83383669,0.010762744,0,0,0,0,0,0,0,0,0,0,0,0,0,0,0,0,0,0,0,0,0,0,0,0,0,157.267,3100.211
1947,0.003,0,0,0,0,0,0,0,0,0,0,0.83383669,0.010762744,0,0,0,0,0,0,0,0,0,0,0,0,0,0,0,0,0,0,0,0,0,0,0,0,0,157.267,3100.211
1948,0.003,0,0,0,0,0,0,0,0,0,0,0.83383669,0.010762744,0,0,0,0,0,0,0,0,0,0,0,0,0,0,0,0,0,0,0,0,0,0,0,0,0,157.267,3100.211
1949,0.003,0,0,0,0,0,0,0,0,0,0,0.83383669,0.010762744,0,0,0,0,0,0,0,0,0,0,0,0,0,0,0,0,0,0,0,0,0,0,0,0,0,157.267,3100.211
1950,0.003,0,0,0,0,0,0,0,0,0,0,0.83383669,0.010762744,0,0,0,0,0,0,0,0,0,0,0,0,0,0,0,0,0,0,0,0,0,0,0,0,0,157.267,3100.211
1951,0.003,0,0,0,0,0,0,0,0,0,0,0.83383669,0.010762744,0,0,0,0,0,0,0,0,0,0,0,0,0,0,0,0,0,0,0,0,0,0,0,0,0,157.267,3100.211
1952,0.003,0,0,0,0,0,0,0,0,0,0,0.83383669,0.010762744,0,0,0,0,0,0,0,0,0,0,0,0,0,0,0,0,0,0,0,0,0,0,0,0,0,157.267,3100.211
1953,0.003,0,0,0,0,0,0,0,0,0,0,0.83383669,0.010762744,0,0,0,0,0,0,0,0,0,0,0,0,0,0,0,0,0,0,0,0,0,0,0,0,0,157.267,3100.211
1954,0.003,0,0,0,0,0,0,0,0,0,0,0.83383669,0.010762744,0,0,0,0,0,0,0,0,0,0,0,0,0,0,0,0,0,0,0,0,0,0,0,0,0,157.267,3100.211
1955,0.003,0,0,0,0,0,0,0,0,0,0,0.83383669,0.010762744,0,0,0,0,0,0,0,0,0,0,0,0,0,0,0,0,0,0,0,0,0,0,0,0,0,157.267,3100.211
1956,0.003,0,0,0,0,0,0,0,0,0,0,0.83383669,0.010762744,0,0,0,0,0,0,0,0,0,0,0,0,0,0,0,0,0,0,0,0,0,0,0,0,0,157.267,3100.211
1957,0.003,0,0,0,0,0,0,0,0,0,0,0.83383669,0.010762744,0,0,0,0,0,0,0,0,0,0,0,0,0,0,0,0,0,0,0,0,0,0,0,0,0,157.267,3100.211
1958,0.003,0,0,0,0,0,0,0,0,0,0,0.83383669,0.010762744,0,0,0,0,0,0,0,0,0,0,0,0,0,0,0,0,0,0,0,0,0,0,0,0,0,157.267,3100.211
1959,0.003,0,0,0,0,0,0,0,0,0,0,0.83383669,0.010762744,0,0,0,0,0,0,0,0,0,0,0,0,0,0,0,0,0,0,0,0,0,0,0,0,0,157.267,3100.211
1960,0.003,0,0,0,0,0,0,0,0,0,0,0.83383669,0.010762744,0,0,0,0,0,0,0,0,0,0,0,0,0,0,0,0,0,0,0,0,0,0,0,0,0,157.267,3100.211
1961,0.003,0,0,0,0,0,0,0,0,0,0,0.83383669,0.010762744,0,0,0,0,0,0,0,0,0,0,0,0,0,0,0,0,0,0,0,0,0,0,0,0,0,157.267,3100.211
1962,0.003,0,0,0,0,0,0,0,0,0,0,0.83383669,0.010762744,0,0,0,0,0,0,0,0,0,0,0,0,0,0,0,0,0,0,0,0,0,0,0,0,0,157.267,3100.211
1963,0.003,0,0,0,0,0,0,0,0,0,0,0.83383669,0.010762744,0,0,0,0,0,0,0,0,0,0,0,0,0,0,0,0,0,0,0,0,0,0,0,0,0,157.267,3100.211
1964,0.003,0,0,0,0,0,0,0,0,0,0,0.83383669,0.010762744,0,0,0,0,0,0,0,0,0,0,0,0,0,0,0,0,0,0,0,0,0,0,0,0,0,157.267,3100.211
1965,0.003,0,0,0,0,0,0,0,0,0,0,0.83383669,0.010762744,0,0,0,0,0,0,0,0,0,0,0,0,0,0,0,0,0,0,0,0,0,0,0,0,0,157.267,3100.211
1966,0.003,0,0,0,0,0,0,0,0,0,0,0.83383669,0.010762744,0,0,0,0,0,0,0,0,0,0,0,0,0,0,0,0,0,0,0,0,0,0,0,0,0,157.267,3100.211
1967,0.003,0,0,0,0,0,0,0,0,0,0,0.83383669,0.010762744,0,0,0,0,0,0,0,0,0,0,0,0,0,0,0,0,0,0,0,0,0,0,0,0,0,157.267,3100.211
1968,0.003,0,0,0,0,0,0,0,0,0,0,0.83383669,0.010762744,0,0,0,0,0,0,0,0,0,0,0,0,0,0,0,0,0,0,0,0,0,0,0,0,0,157.267,3100.211
1969,0.003,0,0,0,0,0,0,0,0,0,0,0.83383669,0.010762744,0,0,0,0,0,0,0,0,0,0,0,0,0,0,0,0,0,0,0,0,0,0,0,0,0,157.267,3100.211
1970,0.003,0,0,0,0,0,0,0,0,0,0,0.83383669,0.010762744,0,0,0,0,0,0,0,0,0,0,0,0,0,0,0,0,0,0,0,0,0,0,0,0,0,157.267,3100.211
1971,0.003,0,0,0,0,0,0,0,0,0,0,0.83383669,0.010762744,0,0,0,0,0,0,0,0,0,0,0,0,0,0,0,0,0,0,0,0,0,0,0,0,0,157.267,3100.211
1972,0.003,0,0,0,0,0,0,0,0,0,0,0.83383669,0.010762744,0,0,0,0,0,0,0,0,0,0,0,0,0,0,0,0,0,0,0,0,0,0,0,0,0,157.267,3100.211
1973,0.003,0,0,0,0,0,0,0,0,0,0,0.83383669,0.010762744,0,0,0,0,0,0,0,0,0,0,0,0,0,0,0,0,0,0,0,0,0,0,0,0,0,157.267,3100.211
1974,0.003,0,0,0,0,0,0,0,0,0,0,0.83383669,0.010762744,0,0,0,0,0,0,0,0,0,0,0,0,0,0,0,0,0,0,0,0,0,0,0,0,0,157.267,3100.211
1975,0.003,0,0,0,0,0,0,0,0,0,0,0.83383669,0.010762744,0,0,0,0,0,0,0,0,0,0,0,0,0,0,0,0,0,0,0,0,0,0,0,0,0,157.267,3100.211
1976,0.003,0,0,0,0,0,0,0,0,0,0,0.83383669,0.010762744,0,0,0,0,0,0,0,0,0,0,0,0,0,0,0,0,0,0,0,0,0,0,0,0,0,157.267,3100.211
1977,0.003,0,0,0,0,0,0,0,0,0,0,0.83383669,0.010762744,0,0,0,0,0,0,0,0,0,0,0,0,0,0,0,0,0,0,0,0,0,0,0,0,0,157.267,3100.211
1978,0.003,0,0,0,0,0,0,0,0,0,0,0.83383669,0.010762744,0,0,0,0,0,0,0,0,0,0,0,0,0,0,0,0,0,0,0,0,0,0,0,0,0,157.267,3100.211
1979,0.003,0,0,0,0,0,0,0,0,0,0,0.83383669,0.010762744,0,0,0,0,0,0,0,0,0,0,0,0,0,0,0,0,0,0,0,0,0,0,0,0,0,157.267,3100.211
1980,0.003,0,0,0,0,0,0,0,0,0,0,0.83383669,0.010762744,0,0,0,0,0,0,0,0,0,0,0,0,0,0,0,0,0,0,0,0,0,0,0,0,0,157.267,3100.211
1981,0.003,0,0,0,0,0,0,0,0,0,0,0.83383669,0.010762744,0,0,0,0,0,0,0,0,0,0,0,0,0,0,0,0,0,0,0,0,0,0,0,0,0,157.267,3100.211
1982,0.003,0,0,0,0,0,0,0,0,0,0,0.83383669,0.010762744,0,0,0,0,0,0,0,0,0,0,0,0,0,0,0,0,0,0,0,0,0,0,0,0,0,157.267,3100.211
1983,0.003,0,0,0,0,0,0,0,0,0,0,0.83383669,0.010762744,0,0,0,0,0,0,0,0,0,0,0,0,0,0,0,0,0,0,0,0,0,0,0,0,0,157.267,3100.211
1984,0.003,0,0,0,0,0,0,0,0,0,0,0.83383669,0.010762744,0,0,0,0,0,0,0,0,0,0,0,0,0,0,0,0,0,0,0,0,0,0,0,0,0,157.267,3100.211
1985,0.003,0,0,0,0,0,0,0,0,0,0,0.83383669,0.010762744,0,0,0,0,0,0,0,0,0,0,0,0,0,0,0,0,0,0,0,0,0,0,0,0,0,157.267,3100.211
1986,0.003,0,0,0,0,0,0,0,0,0,0,0.83383669,0.010762744,0,0,0,0,0,0,0,0,0,0,0,0,0,0,0,0,0,0,0,0,0,0,0,0,0,157.267,3100.211
1987,0.003,0,0,0,0,0,0,0,0,0,0,0.83383669,0.010762744,0,0,0,0,0,0,0,0,0,0,0,0,0,0,0,0,0,0,0,0,0,0,0,0,0,157.267,3100.211
1988,0.003,0,0,0,0,0,0,0,0,0,0,0.83383669,0.010762744,0,0,0,0,0,0,0,0,0,0,0,0,0,0,0,0,0,0,0,0,0,0,0,0,0,157.267,3100.211
1989,0.003,0,0,0,0,0,0,0,0,0,0,0.83383669,0.010762744,0,0,0,0,0,0,0,0,0,0,0,0,0,0,0,0,0,0,0,0,0,0,0,0,0,157.267,3100.211
1990,0.003,0,0,0,0,0,0,0,0,0,0,0.83383669,0.010762744,0,0,0,0,0,0,0,0,0,0,0,0,0,0,0,0,0,0,0,0,0,0,0,0,0,157.267,3100.211
1991,0.003,0,0,0,0,0,0,0,0,0,0,0.83383669,0.010762744,0,0,0,0,0,0,0,0,0,0,0,0,0,0,0,0,0,0,0,0,0,0,0,0,0,157.267,3100.211
1992,0.003,0,0,0,0,0,0,0,0,0,0,0.83383669,0.010762744,0,0,0,0,0,0,0,0,0,0,0,0,0,0,0,0,0,0,0,0,0,0,0,0,0,157.267,3100.211
1993,0.003,0,0,0,0,0,0,0,0,0,0,0.83383669,0.010762744,0,0,0,0,0,0,0,0,0,0,0,0,0,0,0,0,0,0,0,0,0,0,0,0,0,157.267,3100.211
1994,0.003,0,0,0,0,0,0,0,0,0,0,0.83383669,0.010762744,0,0,0,0,0,0,0,0,0,0,0,0,0,0,0,0,0,0,0,0,0,0,0,0,0,157.267,3100.211
1995,0.003,0,0,0,0,0,0,0,0,0,0,0.83383669,0.010762744,0,0,0,0,0,0,0,0,0,0,0,0,0,0,0,0,0,0,0,0,0,0,0,0,0,157.267,3100.211
1996,0.003,0,0,0,0,0,0,0,0,0,0,0.83383669,0.010762744,0,0,0,0,0,0,0,0,0,0,0,0,0,0,0,0,0,0,0,0,0,0,0,0,0,157.267,3100.211
1997,0.003,0,0,0,0,0,0,0,0,0,0,0.83383669,0.010762744,0,0,0,0,0,0,0,0,0,0,0,0,0,0,0,0,0,0,0,0,0,0,0,0,0,157.267,3100.211
1998,0.003,0,0,0,0,0,0,0,0,0,0,0.83383669,0.010762744,0,0,0,0,0,0,0,0,0,0,0,0,0,0,0,0,0,0,0,0,0,0,0,0,0,157.267,3100.211
1999,0.003,0,0,0,0,0,0,0,0,0,0,0.83383669,0.010762744,0,0,0,0,0,0,0,0,0,0,0,0,0,0,0,0,0,0,0,0,0,0,0,0,0,157.267,3100.211
2000,0.003,0,0,0,0,0,0,0,0,0,0,0.83383669,0.010762744,0,0,0,0,0,0,0,0,0,0,0,0,0,0,0,0,0,0,0,0,0,0,0,0,0,157.267,3100.211
2001,0.003,0,0,0,0,0,0,0,0,0,0,0.83383669,0.010762744,0,0,0,0,0,0,0,0,0,0,0,0,0,0,0,0,0,0,0,0,0,0,0,0,0,157.267,3100.211
2002,0.003,0,0,0,0,0,0,0,0,0,0,0.83383669,0.010762744,0,0,0,0,0,0,0,0,0,0,0,0,0,0,0,0,0,0,0,0,0,0,0,0,0,157.267,3100.211
2003,0.003,0,0,0,0,0,0,0,0,0,0,0.83383669,0.010762744,0,0,0,0,0,0,0,0,0,0,0,0,0,0,0,0,0,0,0,0,0,0,0,0,0,157.267,3100.211
2004,0.003,0,0,0,0,0,0,0,0,0,0,0.83383669,0.010762744,0,0,0,0,0,0,0,0,0,0,0,0,0,0,0,0,0,0,0,0,0,0,0,0,0,157.267,3100.211
2005,0.003,0,0,0,0,0,0,0,0,0,0,0.83383669,0.010762744,0,0,0,0,0,0,0,0,0,0,0,0,0,0,0,0,0,0,0,0,0,0,0,0,0,157.267,3100.211
2006,0.003,0,0,0,0,0,0,0,0,0,0,0.83383669,0.010762744,0,0,0,0,0,0,0,0,0,0,0,0,0,0,0,0,0,0,0,0,0,0,0,0,0,157.267,3100.211
2007,0.003,0,0,0,0,0,0,0,0,0,0,0.83383669,0.010762744,0,0,0,0,0,0,0,0,0,0,0,0,0,0,0,0,0,0,0,0,0,0,0,0,0,157.267,3100.211
2008,0.003,0,0,0,0,0,0,0,0,0,0,0.83383669,0.010762744,0,0,0,0,0,0,0,0,0,0,0,0,0,0,0,0,0,0,0,0,0,0,0,0,0,157.267,3100.211
2009,0.003,0,0,0,0,0,0,0,0,0,0,0.83383669,0.010762744,0,0,0,0,0,0,0,0,0,0,0,0,0,0,0,0,0,0,0,0,0,0,0,0,0,157.267,3100.211
2010,0.003,0,0,0,0,0,0,0,0,0,0,0.83383669,0.010762744,0,0,0,0,0,0,0,0,0,0,0,0,0,0,0,0,0,0,0,0,0,0,0,0,0,157.267,3100.211
2011,0.003,0,0,0,0,0,0,0,0,0,0,0.83383669,0.010762744,0,0,0,0,0,0,0,0,0,0,0,0,0,0,0,0,0,0,0,0,0,0,0,0,0,157.267,3100.211
2012,0.003,0,0,0,0,0,0,0,0,0,0,0.83383669,0.010762744,0,0,0,0,0,0,0,0,0,0,0,0,0,0,0,0,0,0,0,0,0,0,0,0,0,157.267,3100.211
2013,0.003,0,0,0,0,0,0,0,0,0,0,0.83383669,0.010762744,0,0,0,0,0,0,0,0,0,0,0,0,0,0,0,0,0,0,0,0,0,0,0,0,0,157.267,3100.211
2014,0.003,0,0,0,0,0,0,0,0,0,0,0.83383669,0.010762744,0,0,0,0,0,0,0,0,0,0,0,0,0,0,0,0,0,0,0,0,0,0,0,0,0,157.267,3100.211
2015,0.003,0,0,0,0,0,0,0,0,0,0,0.83383669,0.010762744,0,0,0,0,0,0,0,0,0,0,0,0,0,0,0,0,0,0,0,0,0,0,0,0,0,157.267,3100.211
2016,0.003,0,0,0,0,0,0,0,0,0,0,0.83383669,0.010762744,0,0,0,0,0,0,0,0,0,0,0,0,0,0,0,0,0,0,0,0,0,0,0,0,0,157.267,3100.211
2017,0.003,0,0,0,0,0,0,0,0,0,0,0.83383669,0.010762744,0,0,0,0,0,0,0,0,0,0,0,0,0,0,0,0,0,0,0,0,0,0,0,0,0,157.267,3100.211
2018,0.003,0,0,0,0,0,0,0,0,0,0,0.83383669,0.010762744,0,0,0,0,0,0,0,0,0,0,0,0,0,0,0,0,0,0,0,0,0,0,0,0,0,157.267,3100.211
2019,0.003,0,0,0,0,0,0,0,0,0,0,0.83383669,0.010762744,0,0,0,0,0,0,0,0,0,0,0,0,0,0,0,0,0,0,0,0,0,0,0,0,0,157.267,3100.211
2020,0.003,0,0,0,0,0,0,0,0,0,0,0.83383669,0.010762744,0,0,0,0,0,0,0,0,0,0,0,0,0,0,0,0,0,0,0,0,0,0,0,0,0,157.267,3100.211
2021,0.003,0,0,0,0,0,0,0,0,0,0,0.83383669,0.010762744,0,0,0,0,0,0,0,0,0,0,0,0,0,0,0,0,0,0,0,0,0,0,0,0,0,157.267,3100.211
2022,0.003,0,0,0,0,0,0,0,0,0,0,0.83383669,0.010762744,0,0,0,0,0,0,0,0,0,0,0,0,0,0,0,0,0,0,0,0,0,0,0,0,0,157.267,3100.211
2023,0.003,0,0,0,0,0,0,0,0,0,0,0.83383669,0.010762744,0,0,0,0,0,0,0,0,0,0,0,0,0,0,0,0,0,0,0,0,0,0,0,0,0,157.267,3100.211
2024,0.003,0,0,0,0,0,0,0,0,0,0,0.83383669,0.010762744,0,0,0,0,0,0,0,0,0,0,0,0,0,0,0,0,0,0,0,0,0,0,0,0,0,157.267,3100.211
2025,0.003,0,0,0,0,0,0,0,0,0,0,0.83383669,0.010762744,0,0,0,0,0,0,0,0,0,0,0,0,0,0,0,0,0,0,0,0,0,0,0,0,0,157.267,3100.211
2026,0.003,0,0,0,0,0,0,0,0,0,0,0.83383669,0.010762744,0,0,0,0,0,0,0,0,0,0,0,0,0,0,0,0,0,0,0,0,0,0,0,0,0,157.267,3100.211
2027,0.003,0,0,0,0,0,0,0,0,0,0,0.83383669,0.010762744,0,0,0,0,0,0,0,0,0,0,0,0,0,0,0,0,0,0,0,0,0,0,0,0,0,157.267,3100.211
2028,0.003,0,0,0,0,0,0,0,0,0,0,0.83383669,0.010762744,0,0,0,0,0,0,0,0,0,0,0,0,0,0,0,0,0,0,0,0,0,0,0,0,0,157.267,3100.211
2029,0.003,0,0,0,0,0,0,0,0,0,0,0.83383669,0.010762744,0,0,0,0,0,0,0,0,0,0,0,0,0,0,0,0,0,0,0,0,0,0,0,0,0,157.267,3100.211
2030,0.003,0,0,0,0,0,0,0,0,0,0,0.83383669,0.010762744,0,0,0,0,0,0,0,0,0,0,0,0,0,0,0,0,0,0,0,0,0,0,0,0,0,157.267,3100.211
2031,0.003,0,0,0,0,0,0,0,0,0,0,0.83383669,0.010762744,0,0,0,0,0,0,0,0,0,0,0,0,0,0,0,0,0,0,0,0,0,0,0,0,0,157.267,3100.211
2032,0.003,0,0,0,0,0,0,0,0,0,0,0.83383669,0.010762744,0,0,0,0,0,0,0,0,0,0,0,0,0,0,0,0,0,0,0,0,0,0,0,0,0,157.267,3100.211
2033,0.003,0,0,0,0,0,0,0,0,0,0,0.83383669,0.010762744,0,0,0,0,0,0,0,0,0,0,0,0,0,0,0,0,0,0,0,0,0,0,0,0,0,157.267,3100.211
2034,0.003,0,0,0,0,0,0,0,0,0,0,0.83383669,0.010762744,0,0,0,0,0,0,0,0,0,0,0,0,0,0,0,0,0,0,0,0,0,0,0,0,0,157.267,3100.211
2035,0.003,0,0,0,0,0,0,0,0,0,0,0.83383669,0.010762744,0,0,0,0,0,0,0,0,0,0,0,0,0,0,0,0,0,0,0,0,0,0,0,0,0,157.267,3100.211
2036,0.003,0,0,0,0,0,0,0,0,0,0,0.83383669,0.010762744,0,0,0,0,0,0,0,0,0,0,0,0,0,0,0,0,0,0,0,0,0,0,0,0,0,157.267,3100.211
2037,0.003,0,0,0,0,0,0,0,0,0,0,0.83383669,0.010762744,0,0,0,0,0,0,0,0,0,0,0,0,0,0,0,0,0,0,0,0,0,0,0,0,0,157.267,3100.211
2038,0.003,0,0,0,0,0,0,0,0,0,0,0.83383669,0.010762744,0,0,0,0,0,0,0,0,0,0,0,0,0,0,0,0,0,0,0,0,0,0,0,0,0,157.267,3100.211
2039,0.003,0,0,0,0,0,0,0,0,0,0,0.83383669,0.010762744,0,0,0,0,0,0,0,0,0,0,0,0,0,0,0,0,0,0,0,0,0,0,0,0,0,157.267,3100.211
2040,0.003,0,0,0,0,0,0,0,0,0,0,0.83383669,0.010762744,0,0,0,0,0,0,0,0,0,0,0,0,0,0,0,0,0,0,0,0,0,0,0,0,0,157.267,3100.211
2041,0.003,0,0,0,0,0,0,0,0,0,0,0.83383669,0.010762744,0,0,0,0,0,0,0,0,0,0,0,0,0,0,0,0,0,0,0,0,0,0,0,0,0,157.267,3100.211
2042,0.003,0,0,0,0,0,0,0,0,0,0,0.83383669,0.010762744,0,0,0,0,0,0,0,0,0,0,0,0,0,0,0,0,0,0,0,0,0,0,0,0,0,157.267,3100.211
2043,0.003,0,0,0,0,0,0,0,0,0,0,0.83383669,0.010762744,0,0,0,0,0,0,0,0,0,0,0,0,0,0,0,0,0,0,0,0,0,0,0,0,0,157.267,3100.211
2044,0.003,0,0,0,0,0,0,0,0,0,0,0.83383669,0.010762744,0,0,0,0,0,0,0,0,0,0,0,0,0,0,0,0,0,0,0,0,0,0,0,0,0,157.267,3100.211
2045,0.003,0,0,0,0,0,0,0,0,0,0,0.83383669,0.010762744,0,0,0,0,0,0,0,0,0,0,0,0,0,0,0,0,0,0,0,0,0,0,0,0,0,157.267,3100.211
2046,0.003,0,0,0,0,0,0,0,0,0,0,0.83383669,0.010762744,0,0,0,0,0,0,0,0,0,0,0,0,0,0,0,0,0,0,0,0,0,0,0,0,0,157.267,3100.211
2047,0.003,0,0,0,0,0,0,0,0,0,0,0.83383669,0.010762744,0,0,0,0,0,0,0,0,0,0,0,0,0,0,0,0,0,0,0,0,0,0,0,0,0,157.267,3100.211
2048,0.003,0,0,0,0,0,0,0,0,0,0,0.83383669,0.010762744,0,0,0,0,0,0,0,0,0,0,0,0,0,0,0,0,0,0,0,0,0,0,0,0,0,157.267,3100.211
2049,0.003,0,0,0,0,0,0,0,0,0,0,0.83383669,0.010762744,0,0,0,0,0,0,0,0,0,0,0,0,0,0,0,0,0,0,0,0,0,0,0,0,0,157.267,3100.211
2050,0.003,0,0,0,0,0,0,0,0,0,0,0.83383669,0.010762744,0,0,0,0,0,0,0,0,0,0,0,0,0,0,0,0,0,0,0,0,0,0,0,0,0,157.267,3100.211
2051,0.003,0,0,0,0,0,0,0,0,0,0,0.83383669,0.010762744,0,0,0,0,0,0,0,0,0,0,0,0,0,0,0,0,0,0,0,0,0,0,0,0,0,157.267,3100.211
2052,0.003,0,0,0,0,0,0,0,0,0,0,0.83383669,0.010762744,0,0,0,0,0,0,0,0,0,0,0,0,0,0,0,0,0,0,0,0,0,0,0,0,0,157.267,3100.211
2053,0.003,0,0,0,0,0,0,0,0,0,0,0.83383669,0.010762744,0,0,0,0,0,0,0,0,0,0,0,0,0,0,0,0,0,0,0,0,0,0,0,0,0,157.267,3100.211
2054,0.003,0,0,0,0,0,0,0,0,0,0,0.83383669,0.010762744,0,0,0,0,0,0,0,0,0,0,0,0,0,0,0,0,0,0,0,0,0,0,0,0,0,157.267,3100.211
2055,0.003,0,0,0,0,0,0,0,0,0,0,0.83383669,0.010762744,0,0,0,0,0,0,0,0,0,0,0,0,0,0,0,0,0,0,0,0,0,0,0,0,0,157.267,3100.211
2056,0.003,0,0,0,0,0,0,0,0,0,0,0.83383669,0.010762744,0,0,0,0,0,0,0,0,0,0,0,0,0,0,0,0,0,0,0,0,0,0,0,0,0,157.267,3100.211
2057,0.003,0,0,0,0,0,0,0,0,0,0,0.83383669,0.010762744,0,0,0,0,0,0,0,0,0,0,0,0,0,0,0,0,0,0,0,0,0,0,0,0,0,157.267,3100.211
2058,0.003,0,0,0,0,0,0,0,0,0,0,0.83383669,0.010762744,0,0,0,0,0,0,0,0,0,0,0,0,0,0,0,0,0,0,0,0,0,0,0,0,0,157.267,3100.211
2059,0.003,0,0,0,0,0,0,0,0,0,0,0.83383669,0.010762744,0,0,0,0,0,0,0,0,0,0,0,0,0,0,0,0,0,0,0,0,0,0,0,0,0,157.267,3100.211
2060,0.003,0,0,0,0,0,0,0,0,0,0,0.83383669,0.010762744,0,0,0,0,0,0,0,0,0,0,0,0,0,0,0,0,0,0,0,0,0,0,0,0,0,157.267,3100.211
2061,0.003,0,0,0,0,0,0,0,0,0,0,0.83383669,0.010762744,0,0,0,0,0,0,0,0,0,0,0,0,0,0,0,0,0,0,0,0,0,0,0,0,0,157.267,3100.211
2062,0.003,0,0,0,0,0,0,0,0,0,0,0.83383669,0.010762744,0,0,0,0,0,0,0,0,0,0,0,0,0,0,0,0,0,0,0,0,0,0,0,0,0,157.267,3100.211
2063,0.003,0,0,0,0,0,0,0,0,0,0,0.83383669,0.010762744,0,0,0,0,0,0,0,0,0,0,0,0,0,0,0,0,0,0,0,0,0,0,0,0,0,157.267,3100.211
2064,0.003,0,0,0,0,0,0,0,0,0,0,0.83383669,0.010762744,0,0,0,0,0,0,0,0,0,0,0,0,0,0,0,0,0,0,0,0,0,0,0,0,0,157.267,3100.211
2065,0.003,0,0,0,0,0,0,0,0,0,0,0.83383669,0.010762744,0,0,0,0,0,0,0,0,0,0,0,0,0,0,0,0,0,0,0,0,0,0,0,0,0,157.267,3100.211
2066,0.003,0,0,0,0,0,0,0,0,0,0,0.83383669,0.010762744,0,0,0,0,0,0,0,0,0,0,0,0,0,0,0,0,0,0,0,0,0,0,0,0,0,157.267,3100.211
2067,0.003,0,0,0,0,0,0,0,0,0,0,0.83383669,0.010762744,0,0,0,0,0,0,0,0,0,0,0,0,0,0,0,0,0,0,0,0,0,0,0,0,0,157.267,3100.211
2068,0.003,0,0,0,0,0,0,0,0,0,0,0.83383669,0.010762744,0,0,0,0,0,0,0,0,0,0,0,0,0,0,0,0,0,0,0,0,0,0,0,0,0,157.267,3100.211
2069,0.003,0,0,0,0,0,0,0,0,0,0,0.83383669,0.010762744,0,0,0,0,0,0,0,0,0,0,0,0,0,0,0,0,0,0,0,0,0,0,0,0,0,157.267,3100.211
2070,0.003,0,0,0,0,0,0,0,0,0,0,0.83383669,0.010762744,0,0,0,0,0,0,0,0,0,0,0,0,0,0,0,0,0,0,0,0,0,0,0,0,0,157.267,3100.211
2071,0.003,0,0,0,0,0,0,0,0,0,0,0.83383669,0.010762744,0,0,0,0,0,0,0,0,0,0,0,0,0,0,0,0,0,0,0,0,0,0,0,0,0,157.267,3100.211
2072,0.003,0,0,0,0,0,0,0,0,0,0,0.83383669,0.010762744,0,0,0,0,0,0,0,0,0,0,0,0,0,0,0,0,0,0,0,0,0,0,0,0,0,157.267,3100.211
2073,0.003,0,0,0,0,0,0,0,0,0,0,0.83383669,0.010762744,0,0,0,0,0,0,0,0,0,0,0,0,0,0,0,0,0,0,0,0,0,0,0,0,0,157.267,3100.211
2074,0.003,0,0,0,0,0,0,0,0,0,0,0.83383669,0.010762744,0,0,0,0,0,0,0,0,0,0,0,0,0,0,0,0,0,0,0,0,0,0,0,0,0,157.267,3100.211
2075,0.003,0,0,0,0,0,0,0,0,0,0,0.83383669,0.010762744,0,0,0,0,0,0,0,0,0,0,0,0,0,0,0,0,0,0,0,0,0,0,0,0,0,157.267,3100.211
2076,0.003,0,0,0,0,0,0,0,0,0,0,0.83383669,0.010762744,0,0,0,0,0,0,0,0,0,0,0,0,0,0,0,0,0,0,0,0,0,0,0,0,0,157.267,3100.211
2077,0.003,0,0,0,0,0,0,0,0,0,0,0.83383669,0.010762744,0,0,0,0,0,0,0,0,0,0,0,0,0,0,0,0,0,0,0,0,0,0,0,0,0,157.267,3100.211
2078,0.003,0,0,0,0,0,0,0,0,0,0,0.83383669,0.010762744,0,0,0,0,0,0,0,0,0,0,0,0,0,0,0,0,0,0,0,0,0,0,0,0,0,157.267,3100.211
2079,0.003,0,0,0,0,0,0,0,0,0,0,0.83383669,0.010762744,0,0,0,0,0,0,0,0,0,0,0,0,0,0,0,0,0,0,0,0,0,0,0,0,0,157.267,3100.211
2080,0.003,0,0,0,0,0,0,0,0,0,0,0.83383669,0.010762744,0,0,0,0,0,0,0,0,0,0,0,0,0,0,0,0,0,0,0,0,0,0,0,0,0,157.267,3100.211
2081,0.003,0,0,0,0,0,0,0,0,0,0,0.83383669,0.010762744,0,0,0,0,0,0,0,0,0,0,0,0,0,0,0,0,0,0,0,0,0,0,0,0,0,157.267,3100.211
2082,0.003,0,0,0,0,0,0,0,0,0,0,0.83383669,0.010762744,0,0,0,0,0,0,0,0,0,0,0,0,0,0,0,0,0,0,0,0,0,0,0,0,0,157.267,3100.211
2083,0.003,0,0,0,0,0,0,0,0,0,0,0.83383669,0.010762744,0,0,0,0,0,0,0,0,0,0,0,0,0,0,0,0,0,0,0,0,0,0,0,0,0,157.267,3100.211
2084,0.003,0,0,0,0,0,0,0,0,0,0,0.83383669,0.010762744,0,0,0,0,0,0,0,0,0,0,0,0,0,0,0,0,0,0,0,0,0,0,0,0,0,157.267,3100.211
2085,0.003,0,0,0,0,0,0,0,0,0,0,0.83383669,0.010762744,0,0,0,0,0,0,0,0,0,0,0,0,0,0,0,0,0,0,0,0,0,0,0,0,0,157.267,3100.211
2086,0.003,0,0,0,0,0,0,0,0,0,0,0.83383669,0.010762744,0,0,0,0,0,0,0,0,0,0,0,0,0,0,0,0,0,0,0,0,0,0,0,0,0,157.267,3100.211
2087,0.003,0,0,0,0,0,0,0,0,0,0,0.83383669,0.010762744,0,0,0,0,0,0,0,0,0,0,0,0,0,0,0,0,0,0,0,0,0,0,0,0,0,157.267,3100.211
2088,0.003,0,0,0,0,0,0,0,0,0,0,0.83383669,0.010762744,0,0,0,0,0,0,0,0,0,0,0,0,0,0,0,0,0,0,0,0,0,0,0,0,0,157.267,3100.211
2089,0.003,0,0,0,0,0,0,0,0,0,0,0.83383669,0.010762744,0,0,0,0,0,0,0,0,0,0,0,0,0,0,0,0,0,0,0,0,0,0,0,0,0,157.267,3100.211
2090,0.003,0,0,0,0,0,0,0,0,0,0,0.83383669,0.010762744,0,0,0,0,0,0,0,0,0,0,0,0,0,0,0,0,0,0,0,0,0,0,0,0,0,157.267,3100.211
2091,0.003,0,0,0,0,0,0,0,0,0,0,0.83383669,0.010762744,0,0,0,0,0,0,0,0,0,0,0,0,0,0,0,0,0,0,0,0,0,0,0,0,0,157.267,3100.211
2092,0.003,0,0,0,0,0,0,0,0,0,0,0.83383669,0.010762744,0,0,0,0,0,0,0,0,0,0,0,0,0,0,0,0,0,0,0,0,0,0,0,0,0,157.267,3100.211
2093,0.003,0,0,0,0,0,0,0,0,0,0,0.83383669,0.010762744,0,0,0,0,0,0,0,0,0,0,0,0,0,0,0,0,0,0,0,0,0,0,0,0,0,157.267,3100.211
2094,0.003,0,0,0,0,0,0,0,0,0,0,0.83383669,0.010762744,0,0,0,0,0,0,0,0,0,0,0,0,0,0,0,0,0,0,0,0,0,0,0,0,0,157.267,3100.211
2095,0.003,0,0,0,0,0,0,0,0,0,0,0.83383669,0.010762744,0,0,0,0,0,0,0,0,0,0,0,0,0,0,0,0,0,0,0,0,0,0,0,0,0,157.267,3100.211
2096,0.003,0,0,0,0,0,0,0,0,0,0,0.83383669,0.010762744,0,0,0,0,0,0,0,0,0,0,0,0,0,0,0,0,0,0,0,0,0,0,0,0,0,157.267,3100.211
2097,0.003,0,0,0,0,0,0,0,0,0,0,0.83383669,0.010762744,0,0,0,0,0,0,0,0,0,0,0,0,0,0,0,0,0,0,0,0,0,0,0,0,0,157.267,3100.211
2098,0.003,0,0,0,0,0,0,0,0,0,0,0.83383669,0.010762744,0,0,0,0,0,0,0,0,0,0,0,0,0,0,0,0,0,0,0,0,0,0,0,0,0,157.267,3100.211
2099,0.003,0,0,0,0,0,0,0,0,0,0,0.83383669,0.010762744,0,0,0,0,0,0,0,0,0,0,0,0,0,0,0,0,0,0,0,0,0,0,0,0,0,157.267,3100.211
2100,0.003,0,0,0,0,0,0,0,0,0,0,0.83383669,0.010762744,0,0,0,0,0,0,0,0,0,0,0,0,0,0,0,0,0,0,0,0,0,0,0,0,0,157.267,3100.211
2101,0.003,0,0,0,0,0,0,0,0,0,0,0.83383669,0.010762744,0,0,0,0,0,0,0,0,0,0,0,0,0,0,0,0,0,0,0,0,0,0,0,0,0,157.267,3100.211
2102,0.003,0,0,0,0,0,0,0,0,0,0,0.83383669,0.010762744,0,0,0,0,0,0,0,0,0,0,0,0,0,0,0,0,0,0,0,0,0,0,0,0,0,157.267,3100.211
2103,0.003,0,0,0,0,0,0,0,0,0,0,0.83383669,0.010762744,0,0,0,0,0,0,0,0,0,0,0,0,0,0,0,0,0,0,0,0,0,0,0,0,0,157.267,3100.211
2104,0.003,0,0,0,0,0,0,0,0,0,0,0.83383669,0.010762744,0,0,0,0,0,0,0,0,0,0,0,0,0,0,0,0,0,0,0,0,0,0,0,0,0,157.267,3100.211
2105,0.003,0,0,0,0,0,0,0,0,0,0,0.83383669,0.010762744,0,0,0,0,0,0,0,0,0,0,0,0,0,0,0,0,0,0,0,0,0,0,0,0,0,157.267,3100.211
2106,0.003,0,0,0,0,0,0,0,0,0,0,0.83383669,0.010762744,0,0,0,0,0,0,0,0,0,0,0,0,0,0,0,0,0,0,0,0,0,0,0,0,0,157.267,3100.211
2107,0.003,0,0,0,0,0,0,0,0,0,0,0.83383669,0.010762744,0,0,0,0,0,0,0,0,0,0,0,0,0,0,0,0,0,0,0,0,0,0,0,0,0,157.267,3100.211
2108,0.003,0,0,0,0,0,0,0,0,0,0,0.83383669,0.010762744,0,0,0,0,0,0,0,0,0,0,0,0,0,0,0,0,0,0,0,0,0,0,0,0,0,157.267,3100.211
2109,0.003,0,0,0,0,0,0,0,0,0,0,0.83383669,0.010762744,0,0,0,0,0,0,0,0,0,0,0,0,0,0,0,0,0,0,0,0,0,0,0,0,0,157.267,3100.211
2110,0.003,0,0,0,0,0,0,0,0,0,0,0.83383669,0.010762744,0,0,0,0,0,0,0,0,0,0,0,0,0,0,0,0,0,0,0,0,0,0,0,0,0,157.267,3100.211
2111,0.003,0,0,0,0,0,0,0,0,0,0,0.83383669,0.010762744,0,0,0,0,0,0,0,0,0,0,0,0,0,0,0,0,0,0,0,0,0,0,0,0,0,157.267,3100.211
2112,0.003,0,0,0,0,0,0,0,0,0,0,0.83383669,0.010762744,0,0,0,0,0,0,0,0,0,0,0,0,0,0,0,0,0,0,0,0,0,0,0,0,0,157.267,3100.211
2113,0.003,0,0,0,0,0,0,0,0,0,0,0.83383669,0.010762744,0,0,0,0,0,0,0,0,0,0,0,0,0,0,0,0,0,0,0,0,0,0,0,0,0,157.267,3100.211
2114,0.003,0,0,0,0,0,0,0,0,0,0,0.83383669,0.010762744,0,0,0,0,0,0,0,0,0,0,0,0,0,0,0,0,0,0,0,0,0,0,0,0,0,157.267,3100.211
2115,0.003,0,0,0,0,0,0,0,0,0,0,0.83383669,0.010762744,0,0,0,0,0,0,0,0,0,0,0,0,0,0,0,0,0,0,0,0,0,0,0,0,0,157.267,3100.211
2116,0.003,0,0,0,0,0,0,0,0,0,0,0.83383669,0.010762744,0,0,0,0,0,0,0,0,0,0,0,0,0,0,0,0,0,0,0,0,0,0,0,0,0,157.267,3100.211
2117,0.003,0,0,0,0,0,0,0,0,0,0,0.83383669,0.010762744,0,0,0,0,0,0,0,0,0,0,0,0,0,0,0,0,0,0,0,0,0,0,0,0,0,157.267,3100.211
2118,0.003,0,0,0,0,0,0,0,0,0,0,0.83383669,0.010762744,0,0,0,0,0,0,0,0,0,0,0,0,0,0,0,0,0,0,0,0,0,0,0,0,0,157.267,3100.211
2119,0.003,0,0,0,0,0,0,0,0,0,0,0.83383669,0.010762744,0,0,0,0,0,0,0,0,0,0,0,0,0,0,0,0,0,0,0,0,0,0,0,0,0,157.267,3100.211
2120,0.003,0,0,0,0,0,0,0,0,0,0,0.83383669,0.010762744,0,0,0,0,0,0,0,0,0,0,0,0,0,0,0,0,0,0,0,0,0,0,0,0,0,157.267,3100.211
2121,0.003,0,0,0,0,0,0,0,0,0,0,0.83383669,0.010762744,0,0,0,0,0,0,0,0,0,0,0,0,0,0,0,0,0,0,0,0,0,0,0,0,0,157.267,3100.211
2122,0.003,0,0,0,0,0,0,0,0,0,0,0.83383669,0.010762744,0,0,0,0,0,0,0,0,0,0,0,0,0,0,0,0,0,0,0,0,0,0,0,0,0,157.267,3100.211
2123,0.003,0,0,0,0,0,0,0,0,0,0,0.83383669,0.010762744,0,0,0,0,0,0,0,0,0,0,0,0,0,0,0,0,0,0,0,0,0,0,0,0,0,157.267,3100.211
2124,0.003,0,0,0,0,0,0,0,0,0,0,0.83383669,0.010762744,0,0,0,0,0,0,0,0,0,0,0,0,0,0,0,0,0,0,0,0,0,0,0,0,0,157.267,3100.211
2125,0.003,0,0,0,0,0,0,0,0,0,0,0.83383669,0.010762744,0,0,0,0,0,0,0,0,0,0,0,0,0,0,0,0,0,0,0,0,0,0,0,0,0,157.267,3100.211
2126,0.003,0,0,0,0,0,0,0,0,0,0,0.83383669,0.010762744,0,0,0,0,0,0,0,0,0,0,0,0,0,0,0,0,0,0,0,0,0,0,0,0,0,157.267,3100.211
2127,0.003,0,0,0,0,0,0,0,0,0,0,0.83383669,0.010762744,0,0,0,0,0,0,0,0,0,0,0,0,0,0,0,0,0,0,0,0,0,0,0,0,0,157.267,3100.211
2128,0.003,0,0,0,0,0,0,0,0,0,0,0.83383669,0.010762744,0,0,0,0,0,0,0,0,0,0,0,0,0,0,0,0,0,0,0,0,0,0,0,0,0,157.267,3100.211
2129,0.003,0,0,0,0,0,0,0,0,0,0,0.83383669,0.010762744,0,0,0,0,0,0,0,0,0,0,0,0,0,0,0,0,0,0,0,0,0,0,0,0,0,157.267,3100.211
2130,0.003,0,0,0,0,0,0,0,0,0,0,0.83383669,0.010762744,0,0,0,0,0,0,0,0,0,0,0,0,0,0,0,0,0,0,0,0,0,0,0,0,0,157.267,3100.211
2131,0.003,0,0,0,0,0,0,0,0,0,0,0.83383669,0.010762744,0,0,0,0,0,0,0,0,0,0,0,0,0,0,0,0,0,0,0,0,0,0,0,0,0,157.267,3100.211
2132,0.003,0,0,0,0,0,0,0,0,0,0,0.83383669,0.010762744,0,0,0,0,0,0,0,0,0,0,0,0,0,0,0,0,0,0,0,0,0,0,0,0,0,157.267,3100.211
2133,0.003,0,0,0,0,0,0,0,0,0,0,0.83383669,0.010762744,0,0,0,0,0,0,0,0,0,0,0,0,0,0,0,0,0,0,0,0,0,0,0,0,0,157.267,3100.211
2134,0.003,0,0,0,0,0,0,0,0,0,0,0.83383669,0.010762744,0,0,0,0,0,0,0,0,0,0,0,0,0,0,0,0,0,0,0,0,0,0,0,0,0,157.267,3100.211
2135,0.003,0,0,0,0,0,0,0,0,0,0,0.83383669,0.010762744,0,0,0,0,0,0,0,0,0,0,0,0,0,0,0,0,0,0,0,0,0,0,0,0,0,157.267,3100.211
2136,0.003,0,0,0,0,0,0,0,0,0,0,0.83383669,0.010762744,0,0,0,0,0,0,0,0,0,0,0,0,0,0,0,0,0,0,0,0,0,0,0,0,0,157.267,3100.211
2137,0.003,0,0,0,0,0,0,0,0,0,0,0.83383669,0.010762744,0,0,0,0,0,0,0,0,0,0,0,0,0,0,0,0,0,0,0,0,0,0,0,0,0,157.267,3100.211
2138,0.003,0,0,0,0,0,0,0,0,0,0,0.83383669,0.010762744,0,0,0,0,0,0,0,0,0,0,0,0,0,0,0,0,0,0,0,0,0,0,0,0,0,157.267,3100.211
2139,0.003,0,0,0,0,0,0,0,0,0,0,0.83383669,0.010762744,0,0,0,0,0,0,0,0,0,0,0,0,0,0,0,0,0,0,0,0,0,0,0,0,0,157.267,3100.211
2140,0.003,0,0,0,0,0,0,0,0,0,0,0.83383669,0.010762744,0,0,0,0,0,0,0,0,0,0,0,0,0,0,0,0,0,0,0,0,0,0,0,0,0,157.267,3100.211
2141,0.003,0,0,0,0,0,0,0,0,0,0,0.83383669,0.010762744,0,0,0,0,0,0,0,0,0,0,0,0,0,0,0,0,0,0,0,0,0,0,0,0,0,157.267,3100.211
2142,0.003,0,0,0,0,0,0,0,0,0,0,0.83383669,0.010762744,0,0,0,0,0,0,0,0,0,0,0,0,0,0,0,0,0,0,0,0,0,0,0,0,0,157.267,3100.211
2143,0.003,0,0,0,0,0,0,0,0,0,0,0.83383669,0.010762744,0,0,0,0,0,0,0,0,0,0,0,0,0,0,0,0,0,0,0,0,0,0,0,0,0,157.267,3100.211
2144,0.003,0,0,0,0,0,0,0,0,0,0,0.83383669,0.010762744,0,0,0,0,0,0,0,0,0,0,0,0,0,0,0,0,0,0,0,0,0,0,0,0,0,157.267,3100.211
2145,0.003,0,0,0,0,0,0,0,0,0,0,0.83383669,0.010762744,0,0,0,0,0,0,0,0,0,0,0,0,0,0,0,0,0,0,0,0,0,0,0,0,0,157.267,3100.211
2146,0.003,0,0,0,0,0,0,0,0,0,0,0.83383669,0.010762744,0,0,0,0,0,0,0,0,0,0,0,0,0,0,0,0,0,0,0,0,0,0,0,0,0,157.267,3100.211
2147,0.003,0,0,0,0,0,0,0,0,0,0,0.83383669,0.010762744,0,0,0,0,0,0,0,0,0,0,0,0,0,0,0,0,0,0,0,0,0,0,0,0,0,157.267,3100.211
2148,0.003,0,0,0,0,0,0,0,0,0,0,0.83383669,0.010762744,0,0,0,0,0,0,0,0,0,0,0,0,0,0,0,0,0,0,0,0,0,0,0,0,0,157.267,3100.211
2149,0.003,0,0,0,0,0,0,0,0,0,0,0.83383669,0.010762744,0,0,0,0,0,0,0,0,0,0,0,0,0,0,0,0,0,0,0,0,0,0,0,0,0,157.267,3100.211
2150,0.003,0,0,0,0,0,0,0,0,0,0,0.83383669,0.010762744,0,0,0,0,0,0,0,0,0,0,0,0,0,0,0,0,0,0,0,0,0,0,0,0,0,157.267,3100.211
2151,0.003,0,0,0,0,0,0,0,0,0,0,0.83383669,0.010762744,0,0,0,0,0,0,0,0,0,0,0,0,0,0,0,0,0,0,0,0,0,0,0,0,0,157.267,3100.211
2152,0.003,0,0,0,0,0,0,0,0,0,0,0.83383669,0.010762744,0,0,0,0,0,0,0,0,0,0,0,0,0,0,0,0,0,0,0,0,0,0,0,0,0,157.267,3100.211
2153,0.003,0,0,0,0,0,0,0,0,0,0,0.83383669,0.010762744,0,0,0,0,0,0,0,0,0,0,0,0,0,0,0,0,0,0,0,0,0,0,0,0,0,157.267,3100.211
2154,0.003,0,0,0,0,0,0,0,0,0,0,0.83383669,0.010762744,0,0,0,0,0,0,0,0,0,0,0,0,0,0,0,0,0,0,0,0,0,0,0,0,0,157.267,3100.211
2155,0.003,0,0,0,0,0,0,0,0,0,0,0.83383669,0.010762744,0,0,0,0,0,0,0,0,0,0,0,0,0,0,0,0,0,0,0,0,0,0,0,0,0,157.267,3100.211
2156,0.003,0,0,0,0,0,0,0,0,0,0,0.83383669,0.010762744,0,0,0,0,0,0,0,0,0,0,0,0,0,0,0,0,0,0,0,0,0,0,0,0,0,157.267,3100.211
2157,0.003,0,0,0,0,0,0,0,0,0,0,0.83383669,0.010762744,0,0,0,0,0,0,0,0,0,0,0,0,0,0,0,0,0,0,0,0,0,0,0,0,0,157.267,3100.211
2158,0.003,0,0,0,0,0,0,0,0,0,0,0.83383669,0.010762744,0,0,0,0,0,0,0,0,0,0,0,0,0,0,0,0,0,0,0,0,0,0,0,0,0,157.267,3100.211
2159,0.003,0,0,0,0,0,0,0,0,0,0,0.83383669,0.010762744,0,0,0,0,0,0,0,0,0,0,0,0,0,0,0,0,0,0,0,0,0,0,0,0,0,157.267,3100.211
2160,0.003,0,0,0,0,0,0,0,0,0,0,0.83383669,0.010762744,0,0,0,0,0,0,0,0,0,0,0,0,0,0,0,0,0,0,0,0,0,0,0,0,0,157.267,3100.211
2161,0.003,0,0,0,0,0,0,0,0,0,0,0.83383669,0.010762744,0,0,0,0,0,0,0,0,0,0,0,0,0,0,0,0,0,0,0,0,0,0,0,0,0,157.267,3100.211
2162,0.003,0,0,0,0,0,0,0,0,0,0,0.83383669,0.010762744,0,0,0,0,0,0,0,0,0,0,0,0,0,0,0,0,0,0,0,0,0,0,0,0,0,157.267,3100.211
2163,0.003,0,0,0,0,0,0,0,0,0,0,0.83383669,0.010762744,0,0,0,0,0,0,0,0,0,0,0,0,0,0,0,0,0,0,0,0,0,0,0,0,0,157.267,3100.211
2164,0.003,0,0,0,0,0,0,0,0,0,0,0.83383669,0.010762744,0,0,0,0,0,0,0,0,0,0,0,0,0,0,0,0,0,0,0,0,0,0,0,0,0,157.267,3100.211
2165,0.003,0,0,0,0,0,0,0,0,0,0,0.83383669,0.010762744,0,0,0,0,0,0,0,0,0,0,0,0,0,0,0,0,0,0,0,0,0,0,0,0,0,157.267,3100.211
2166,0.003,0,0,0,0,0,0,0,0,0,0,0.83383669,0.010762744,0,0,0,0,0,0,0,0,0,0,0,0,0,0,0,0,0,0,0,0,0,0,0,0,0,157.267,3100.211
2167,0.003,0,0,0,0,0,0,0,0,0,0,0.83383669,0.010762744,0,0,0,0,0,0,0,0,0,0,0,0,0,0,0,0,0,0,0,0,0,0,0,0,0,157.267,3100.211
2168,0.003,0,0,0,0,0,0,0,0,0,0,0.83383669,0.010762744,0,0,0,0,0,0,0,0,0,0,0,0,0,0,0,0,0,0,0,0,0,0,0,0,0,157.267,3100.211
2169,0.003,0,0,0,0,0,0,0,0,0,0,0.83383669,0.010762744,0,0,0,0,0,0,0,0,0,0,0,0,0,0,0,0,0,0,0,0,0,0,0,0,0,157.267,3100.211
2170,0.003,0,0,0,0,0,0,0,0,0,0,0.83383669,0.010762744,0,0,0,0,0,0,0,0,0,0,0,0,0,0,0,0,0,0,0,0,0,0,0,0,0,157.267,3100.211
2171,0.003,0,0,0,0,0,0,0,0,0,0,0.83383669,0.010762744,0,0,0,0,0,0,0,0,0,0,0,0,0,0,0,0,0,0,0,0,0,0,0,0,0,157.267,3100.211
2172,0.003,0,0,0,0,0,0,0,0,0,0,0.83383669,0.010762744,0,0,0,0,0,0,0,0,0,0,0,0,0,0,0,0,0,0,0,0,0,0,0,0,0,157.267,3100.211
2173,0.003,0,0,0,0,0,0,0,0,0,0,0.83383669,0.010762744,0,0,0,0,0,0,0,0,0,0,0,0,0,0,0,0,0,0,0,0,0,0,0,0,0,157.267,3100.211
2174,0.003,0,0,0,0,0,0,0,0,0,0,0.83383669,0.010762744,0,0,0,0,0,0,0,0,0,0,0,0,0,0,0,0,0,0,0,0,0,0,0,0,0,157.267,3100.211
2175,0.003,0,0,0,0,0,0,0,0,0,0,0.83383669,0.010762744,0,0,0,0,0,0,0,0,0,0,0,0,0,0,0,0,0,0,0,0,0,0,0,0,0,157.267,3100.211
2176,0.003,0,0,0,0,0,0,0,0,0,0,0.83383669,0.010762744,0,0,0,0,0,0,0,0,0,0,0,0,0,0,0,0,0,0,0,0,0,0,0,0,0,157.267,3100.211
2177,0.003,0,0,0,0,0,0,0,0,0,0,0.83383669,0.010762744,0,0,0,0,0,0,0,0,0,0,0,0,0,0,0,0,0,0,0,0,0,0,0,0,0,157.267,3100.211
2178,0.003,0,0,0,0,0,0,0,0,0,0,0.83383669,0.010762744,0,0,0,0,0,0,0,0,0,0,0,0,0,0,0,0,0,0,0,0,0,0,0,0,0,157.267,3100.211
2179,0.003,0,0,0,0,0,0,0,0,0,0,0.83383669,0.010762744,0,0,0,0,0,0,0,0,0,0,0,0,0,0,0,0,0,0,0,0,0,0,0,0,0,157.267,3100.211
2180,0.003,0,0,0,0,0,0,0,0,0,0,0.83383669,0.010762744,0,0,0,0,0,0,0,0,0,0,0,0,0,0,0,0,0,0,0,0,0,0,0,0,0,157.267,3100.211
2181,0.003,0,0,0,0,0,0,0,0,0,0,0.83383669,0.010762744,0,0,0,0,0,0,0,0,0,0,0,0,0,0,0,0,0,0,0,0,0,0,0,0,0,157.267,3100.211
2182,0.003,0,0,0,0,0,0,0,0,0,0,0.83383669,0.010762744,0,0,0,0,0,0,0,0,0,0,0,0,0,0,0,0,0,0,0,0,0,0,0,0,0,157.267,3100.211
2183,0.003,0,0,0,0,0,0,0,0,0,0,0.83383669,0.010762744,0,0,0,0,0,0,0,0,0,0,0,0,0,0,0,0,0,0,0,0,0,0,0,0,0,157.267,3100.211
2184,0.003,0,0,0,0,0,0,0,0,0,0,0.83383669,0.010762744,0,0,0,0,0,0,0,0,0,0,0,0,0,0,0,0,0,0,0,0,0,0,0,0,0,157.267,3100.211
2185,0.003,0,0,0,0,0,0,0,0,0,0,0.83383669,0.010762744,0,0,0,0,0,0,0,0,0,0,0,0,0,0,0,0,0,0,0,0,0,0,0,0,0,157.267,3100.211
2186,0.003,0,0,0,0,0,0,0,0,0,0,0.83383669,0.010762744,0,0,0,0,0,0,0,0,0,0,0,0,0,0,0,0,0,0,0,0,0,0,0,0,0,157.267,3100.211
2187,0.003,0,0,0,0,0,0,0,0,0,0,0.83383669,0.010762744,0,0,0,0,0,0,0,0,0,0,0,0,0,0,0,0,0,0,0,0,0,0,0,0,0,157.267,3100.211
2188,0.003,0,0,0,0,0,0,0,0,0,0,0.83383669,0.010762744,0,0,0,0,0,0,0,0,0,0,0,0,0,0,0,0,0,0,0,0,0,0,0,0,0,157.267,3100.211
2189,0.003,0,0,0,0,0,0,0,0,0,0,0.83383669,0.010762744,0,0,0,0,0,0,0,0,0,0,0,0,0,0,0,0,0,0,0,0,0,0,0,0,0,157.267,3100.211
2190,0.003,0,0,0,0,0,0,0,0,0,0,0.83383669,0.010762744,0,0,0,0,0,0,0,0,0,0,0,0,0,0,0,0,0,0,0,0,0,0,0,0,0,157.267,3100.211
2191,0.003,0,0,0,0,0,0,0,0,0,0,0.83383669,0.010762744,0,0,0,0,0,0,0,0,0,0,0,0,0,0,0,0,0,0,0,0,0,0,0,0,0,157.267,3100.211
2192,0.003,0,0,0,0,0,0,0,0,0,0,0.83383669,0.010762744,0,0,0,0,0,0,0,0,0,0,0,0,0,0,0,0,0,0,0,0,0,0,0,0,0,157.267,3100.211
2193,0.003,0,0,0,0,0,0,0,0,0,0,0.83383669,0.010762744,0,0,0,0,0,0,0,0,0,0,0,0,0,0,0,0,0,0,0,0,0,0,0,0,0,157.267,3100.211
2194,0.003,0,0,0,0,0,0,0,0,0,0,0.83383669,0.010762744,0,0,0,0,0,0,0,0,0,0,0,0,0,0,0,0,0,0,0,0,0,0,0,0,0,157.267,3100.211
2195,0.003,0,0,0,0,0,0,0,0,0,0,0.83383669,0.010762744,0,0,0,0,0,0,0,0,0,0,0,0,0,0,0,0,0,0,0,0,0,0,0,0,0,157.267,3100.211
2196,0.003,0,0,0,0,0,0,0,0,0,0,0.83383669,0.010762744,0,0,0,0,0,0,0,0,0,0,0,0,0,0,0,0,0,0,0,0,0,0,0,0,0,157.267,3100.211
2197,0.003,0,0,0,0,0,0,0,0,0,0,0.83383669,0.010762744,0,0,0,0,0,0,0,0,0,0,0,0,0,0,0,0,0,0,0,0,0,0,0,0,0,157.267,3100.211
2198,0.003,0,0,0,0,0,0,0,0,0,0,0.83383669,0.010762744,0,0,0,0,0,0,0,0,0,0,0,0,0,0,0,0,0,0,0,0,0,0,0,0,0,157.267,3100.211
2199,0.003,0,0,0,0,0,0,0,0,0,0,0.83383669,0.010762744,0,0,0,0,0,0,0,0,0,0,0,0,0,0,0,0,0,0,0,0,0,0,0,0,0,157.267,3100.211
2200,0.003,0,0,0,0,0,0,0,0,0,0,0.83383669,0.010762744,0,0,0,0,0,0,0,0,0,0,0,0,0,0,0,0,0,0,0,0,0,0,0,0,0,157.267,3100.211
2201,0.003,0,0,0,0,0,0,0,0,0,0,0.83383669,0.010762744,0,0,0,0,0,0,0,0,0,0,0,0,0,0,0,0,0,0,0,0,0,0,0,0,0,157.267,3100.211
2202,0.003,0,0,0,0,0,0,0,0,0,0,0.83383669,0.010762744,0,0,0,0,0,0,0,0,0,0,0,0,0,0,0,0,0,0,0,0,0,0,0,0,0,157.267,3100.211
2203,0.003,0,0,0,0,0,0,0,0,0,0,0.83383669,0.010762744,0,0,0,0,0,0,0,0,0,0,0,0,0,0,0,0,0,0,0,0,0,0,0,0,0,157.267,3100.211
2204,0.003,0,0,0,0,0,0,0,0,0,0,0.83383669,0.010762744,0,0,0,0,0,0,0,0,0,0,0,0,0,0,0,0,0,0,0,0,0,0,0,0,0,157.267,3100.211
2205,0.003,0,0,0,0,0,0,0,0,0,0,0.83383669,0.010762744,0,0,0,0,0,0,0,0,0,0,0,0,0,0,0,0,0,0,0,0,0,0,0,0,0,157.267,3100.211
2206,0.003,0,0,0,0,0,0,0,0,0,0,0.83383669,0.010762744,0,0,0,0,0,0,0,0,0,0,0,0,0,0,0,0,0,0,0,0,0,0,0,0,0,157.267,3100.211
2207,0.003,0,0,0,0,0,0,0,0,0,0,0.83383669,0.010762744,0,0,0,0,0,0,0,0,0,0,0,0,0,0,0,0,0,0,0,0,0,0,0,0,0,157.267,3100.211
2208,0.003,0,0,0,0,0,0,0,0,0,0,0.83383669,0.010762744,0,0,0,0,0,0,0,0,0,0,0,0,0,0,0,0,0,0,0,0,0,0,0,0,0,157.267,3100.211
2209,0.003,0,0,0,0,0,0,0,0,0,0,0.83383669,0.010762744,0,0,0,0,0,0,0,0,0,0,0,0,0,0,0,0,0,0,0,0,0,0,0,0,0,157.267,3100.211
2210,0.003,0,0,0,0,0,0,0,0,0,0,0.83383669,0.010762744,0,0,0,0,0,0,0,0,0,0,0,0,0,0,0,0,0,0,0,0,0,0,0,0,0,157.267,3100.211
2211,0.003,0,0,0,0,0,0,0,0,0,0,0.83383669,0.010762744,0,0,0,0,0,0,0,0,0,0,0,0,0,0,0,0,0,0,0,0,0,0,0,0,0,157.267,3100.211
2212,0.003,0,0,0,0,0,0,0,0,0,0,0.83383669,0.010762744,0,0,0,0,0,0,0,0,0,0,0,0,0,0,0,0,0,0,0,0,0,0,0,0,0,157.267,3100.211
2213,0.003,0,0,0,0,0,0,0,0,0,0,0.83383669,0.010762744,0,0,0,0,0,0,0,0,0,0,0,0,0,0,0,0,0,0,0,0,0,0,0,0,0,157.267,3100.211
2214,0.003,0,0,0,0,0,0,0,0,0,0,0.83383669,0.010762744,0,0,0,0,0,0,0,0,0,0,0,0,0,0,0,0,0,0,0,0,0,0,0,0,0,157.267,3100.211
2215,0.003,0,0,0,0,0,0,0,0,0,0,0.83383669,0.010762744,0,0,0,0,0,0,0,0,0,0,0,0,0,0,0,0,0,0,0,0,0,0,0,0,0,157.267,3100.211
2216,0.003,0,0,0,0,0,0,0,0,0,0,0.83383669,0.010762744,0,0,0,0,0,0,0,0,0,0,0,0,0,0,0,0,0,0,0,0,0,0,0,0,0,157.267,3100.211
2217,0.003,0,0,0,0,0,0,0,0,0,0,0.83383669,0.010762744,0,0,0,0,0,0,0,0,0,0,0,0,0,0,0,0,0,0,0,0,0,0,0,0,0,157.267,3100.211
2218,0.003,0,0,0,0,0,0,0,0,0,0,0.83383669,0.010762744,0,0,0,0,0,0,0,0,0,0,0,0,0,0,0,0,0,0,0,0,0,0,0,0,0,157.267,3100.211
2219,0.003,0,0,0,0,0,0,0,0,0,0,0.83383669,0.010762744,0,0,0,0,0,0,0,0,0,0,0,0,0,0,0,0,0,0,0,0,0,0,0,0,0,157.267,3100.211
2220,0.003,0,0,0,0,0,0,0,0,0,0,0.83383669,0.010762744,0,0,0,0,0,0,0,0,0,0,0,0,0,0,0,0,0,0,0,0,0,0,0,0,0,157.267,3100.211
2221,0.003,0,0,0,0,0,0,0,0,0,0,0.83383669,0.010762744,0,0,0,0,0,0,0,0,0,0,0,0,0,0,0,0,0,0,0,0,0,0,0,0,0,157.267,3100.211
2222,0.003,0,0,0,0,0,0,0,0,0,0,0.83383669,0.010762744,0,0,0,0,0,0,0,0,0,0,0,0,0,0,0,0,0,0,0,0,0,0,0,0,0,157.267,3100.211
2223,0.003,0,0,0,0,0,0,0,0,0,0,0.83383669,0.010762744,0,0,0,0,0,0,0,0,0,0,0,0,0,0,0,0,0,0,0,0,0,0,0,0,0,157.267,3100.211
2224,0.003,0,0,0,0,0,0,0,0,0,0,0.83383669,0.010762744,0,0,0,0,0,0,0,0,0,0,0,0,0,0,0,0,0,0,0,0,0,0,0,0,0,157.267,3100.211
2225,0.003,0,0,0,0,0,0,0,0,0,0,0.83383669,0.010762744,0,0,0,0,0,0,0,0,0,0,0,0,0,0,0,0,0,0,0,0,0,0,0,0,0,157.267,3100.211
2226,0.003,0,0,0,0,0,0,0,0,0,0,0.83383669,0.010762744,0,0,0,0,0,0,0,0,0,0,0,0,0,0,0,0,0,0,0,0,0,0,0,0,0,157.267,3100.211
2227,0.003,0,0,0,0,0,0,0,0,0,0,0.83383669,0.010762744,0,0,0,0,0,0,0,0,0,0,0,0,0,0,0,0,0,0,0,0,0,0,0,0,0,157.267,3100.211
2228,0.003,0,0,0,0,0,0,0,0,0,0,0.83383669,0.010762744,0,0,0,0,0,0,0,0,0,0,0,0,0,0,0,0,0,0,0,0,0,0,0,0,0,157.267,3100.211
2229,0.003,0,0,0,0,0,0,0,0,0,0,0.83383669,0.010762744,0,0,0,0,0,0,0,0,0,0,0,0,0,0,0,0,0,0,0,0,0,0,0,0,0,157.267,3100.211
2230,0.003,0,0,0,0,0,0,0,0,0,0,0.83383669,0.010762744,0,0,0,0,0,0,0,0,0,0,0,0,0,0,0,0,0,0,0,0,0,0,0,0,0,157.267,3100.211
2231,0.003,0,0,0,0,0,0,0,0,0,0,0.83383669,0.010762744,0,0,0,0,0,0,0,0,0,0,0,0,0,0,0,0,0,0,0,0,0,0,0,0,0,157.267,3100.211
2232,0.003,0,0,0,0,0,0,0,0,0,0,0.83383669,0.010762744,0,0,0,0,0,0,0,0,0,0,0,0,0,0,0,0,0,0,0,0,0,0,0,0,0,157.267,3100.211
2233,0.003,0,0,0,0,0,0,0,0,0,0,0.83383669,0.010762744,0,0,0,0,0,0,0,0,0,0,0,0,0,0,0,0,0,0,0,0,0,0,0,0,0,157.267,3100.211
2234,0.003,0,0,0,0,0,0,0,0,0,0,0.83383669,0.010762744,0,0,0,0,0,0,0,0,0,0,0,0,0,0,0,0,0,0,0,0,0,0,0,0,0,157.267,3100.211
2235,0.003,0,0,0,0,0,0,0,0,0,0,0.83383669,0.010762744,0,0,0,0,0,0,0,0,0,0,0,0,0,0,0,0,0,0,0,0,0,0,0,0,0,157.267,3100.211
2236,0.003,0,0,0,0,0,0,0,0,0,0,0.83383669,0.010762744,0,0,0,0,0,0,0,0,0,0,0,0,0,0,0,0,0,0,0,0,0,0,0,0,0,157.267,3100.211
2237,0.003,0,0,0,0,0,0,0,0,0,0,0.83383669,0.010762744,0,0,0,0,0,0,0,0,0,0,0,0,0,0,0,0,0,0,0,0,0,0,0,0,0,157.267,3100.211
2238,0.003,0,0,0,0,0,0,0,0,0,0,0.83383669,0.010762744,0,0,0,0,0,0,0,0,0,0,0,0,0,0,0,0,0,0,0,0,0,0,0,0,0,157.267,3100.211
2239,0.003,0,0,0,0,0,0,0,0,0,0,0.83383669,0.010762744,0,0,0,0,0,0,0,0,0,0,0,0,0,0,0,0,0,0,0,0,0,0,0,0,0,157.267,3100.211
2240,0.003,0,0,0,0,0,0,0,0,0,0,0.83383669,0.010762744,0,0,0,0,0,0,0,0,0,0,0,0,0,0,0,0,0,0,0,0,0,0,0,0,0,157.267,3100.211
2241,0.003,0,0,0,0,0,0,0,0,0,0,0.83383669,0.010762744,0,0,0,0,0,0,0,0,0,0,0,0,0,0,0,0,0,0,0,0,0,0,0,0,0,157.267,3100.211
2242,0.003,0,0,0,0,0,0,0,0,0,0,0.83383669,0.010762744,0,0,0,0,0,0,0,0,0,0,0,0,0,0,0,0,0,0,0,0,0,0,0,0,0,157.267,3100.211
2243,0.003,0,0,0,0,0,0,0,0,0,0,0.83383669,0.010762744,0,0,0,0,0,0,0,0,0,0,0,0,0,0,0,0,0,0,0,0,0,0,0,0,0,157.267,3100.211
2244,0.003,0,0,0,0,0,0,0,0,0,0,0.83383669,0.010762744,0,0,0,0,0,0,0,0,0,0,0,0,0,0,0,0,0,0,0,0,0,0,0,0,0,157.267,3100.211
2245,0.003,0,0,0,0,0,0,0,0,0,0,0.83383669,0.010762744,0,0,0,0,0,0,0,0,0,0,0,0,0,0,0,0,0,0,0,0,0,0,0,0,0,157.267,3100.211
2246,0.003,0,0,0,0,0,0,0,0,0,0,0.83383669,0.010762744,0,0,0,0,0,0,0,0,0,0,0,0,0,0,0,0,0,0,0,0,0,0,0,0,0,157.267,3100.211
2247,0.003,0,0,0,0,0,0,0,0,0,0,0.83383669,0.010762744,0,0,0,0,0,0,0,0,0,0,0,0,0,0,0,0,0,0,0,0,0,0,0,0,0,157.267,3100.211
2248,0.003,0,0,0,0,0,0,0,0,0,0,0.83383669,0.010762744,0,0,0,0,0,0,0,0,0,0,0,0,0,0,0,0,0,0,0,0,0,0,0,0,0,157.267,3100.211
2249,0.003,0,0,0,0,0,0,0,0,0,0,0.83383669,0.010762744,0,0,0,0,0,0,0,0,0,0,0,0,0,0,0,0,0,0,0,0,0,0,0,0,0,157.267,3100.211
2250,0.003,0,0,0,0,0,0,0,0,0,0,0.83383669,0.010762744,0,0,0,0,0,0,0,0,0,0,0,0,0,0,0,0,0,0,0,0,0,0,0,0,0,157.267,3100.211
2251,0.003,0,0,0,0,0,0,0,0,0,0,0.83383669,0.010762744,0,0,0,0,0,0,0,0,0,0,0,0,0,0,0,0,0,0,0,0,0,0,0,0,0,157.267,3100.211
2252,0.003,0,0,0,0,0,0,0,0,0,0,0.83383669,0.010762744,0,0,0,0,0,0,0,0,0,0,0,0,0,0,0,0,0,0,0,0,0,0,0,0,0,157.267,3100.211
2253,0.003,0,0,0,0,0,0,0,0,0,0,0.83383669,0.010762744,0,0,0,0,0,0,0,0,0,0,0,0,0,0,0,0,0,0,0,0,0,0,0,0,0,157.267,3100.211
2254,0.003,0,0,0,0,0,0,0,0,0,0,0.83383669,0.010762744,0,0,0,0,0,0,0,0,0,0,0,0,0,0,0,0,0,0,0,0,0,0,0,0,0,157.267,3100.211
2255,0.003,0,0,0,0,0,0,0,0,0,0,0.83383669,0.010762744,0,0,0,0,0,0,0,0,0,0,0,0,0,0,0,0,0,0,0,0,0,0,0,0,0,157.267,3100.211
2256,0.003,0,0,0,0,0,0,0,0,0,0,0.83383669,0.010762744,0,0,0,0,0,0,0,0,0,0,0,0,0,0,0,0,0,0,0,0,0,0,0,0,0,157.267,3100.211
2257,0.003,0,0,0,0,0,0,0,0,0,0,0.83383669,0.010762744,0,0,0,0,0,0,0,0,0,0,0,0,0,0,0,0,0,0,0,0,0,0,0,0,0,157.267,3100.211
2258,0.003,0,0,0,0,0,0,0,0,0,0,0.83383669,0.010762744,0,0,0,0,0,0,0,0,0,0,0,0,0,0,0,0,0,0,0,0,0,0,0,0,0,157.267,3100.211
2259,0.003,0,0,0,0,0,0,0,0,0,0,0.83383669,0.010762744,0,0,0,0,0,0,0,0,0,0,0,0,0,0,0,0,0,0,0,0,0,0,0,0,0,157.267,3100.211
2260,0.003,0,0,0,0,0,0,0,0,0,0,0.83383669,0.010762744,0,0,0,0,0,0,0,0,0,0,0,0,0,0,0,0,0,0,0,0,0,0,0,0,0,157.267,3100.211
2261,0.003,0,0,0,0,0,0,0,0,0,0,0.83383669,0.010762744,0,0,0,0,0,0,0,0,0,0,0,0,0,0,0,0,0,0,0,0,0,0,0,0,0,157.267,3100.211
2262,0.003,0,0,0,0,0,0,0,0,0,0,0.83383669,0.010762744,0,0,0,0,0,0,0,0,0,0,0,0,0,0,0,0,0,0,0,0,0,0,0,0,0,157.267,3100.211
2263,0.003,0,0,0,0,0,0,0,0,0,0,0.83383669,0.010762744,0,0,0,0,0,0,0,0,0,0,0,0,0,0,0,0,0,0,0,0,0,0,0,0,0,157.267,3100.211
2264,0.003,0,0,0,0,0,0,0,0,0,0,0.83383669,0.010762744,0,0,0,0,0,0,0,0,0,0,0,0,0,0,0,0,0,0,0,0,0,0,0,0,0,157.267,3100.211
2265,0.003,0,0,0,0,0,0,0,0,0,0,0.83383669,0.010762744,0,0,0,0,0,0,0,0,0,0,0,0,0,0,0,0,0,0,0,0,0,0,0,0,0,157.267,3100.211
2266,0.003,0,0,0,0,0,0,0,0,0,0,0.83383669,0.010762744,0,0,0,0,0,0,0,0,0,0,0,0,0,0,0,0,0,0,0,0,0,0,0,0,0,157.267,3100.211
2267,0.003,0,0,0,0,0,0,0,0,0,0,0.83383669,0.010762744,0,0,0,0,0,0,0,0,0,0,0,0,0,0,0,0,0,0,0,0,0,0,0,0,0,157.267,3100.211
2268,0.003,0,0,0,0,0,0,0,0,0,0,0.83383669,0.010762744,0,0,0,0,0,0,0,0,0,0,0,0,0,0,0,0,0,0,0,0,0,0,0,0,0,157.267,3100.211
2269,0.003,0,0,0,0,0,0,0,0,0,0,0.83383669,0.010762744,0,0,0,0,0,0,0,0,0,0,0,0,0,0,0,0,0,0,0,0,0,0,0,0,0,157.267,3100.211
2270,0.003,0,0,0,0,0,0,0,0,0,0,0.83383669,0.010762744,0,0,0,0,0,0,0,0,0,0,0,0,0,0,0,0,0,0,0,0,0,0,0,0,0,157.267,3100.211
2271,0.003,0,0,0,0,0,0,0,0,0,0,0.83383669,0.010762744,0,0,0,0,0,0,0,0,0,0,0,0,0,0,0,0,0,0,0,0,0,0,0,0,0,157.267,3100.211
2272,0.003,0,0,0,0,0,0,0,0,0,0,0.83383669,0.010762744,0,0,0,0,0,0,0,0,0,0,0,0,0,0,0,0,0,0,0,0,0,0,0,0,0,157.267,3100.211
2273,0.003,0,0,0,0,0,0,0,0,0,0,0.83383669,0.010762744,0,0,0,0,0,0,0,0,0,0,0,0,0,0,0,0,0,0,0,0,0,0,0,0,0,157.267,3100.211
2274,0.003,0,0,0,0,0,0,0,0,0,0,0.83383669,0.010762744,0,0,0,0,0,0,0,0,0,0,0,0,0,0,0,0,0,0,0,0,0,0,0,0,0,157.267,3100.211
2275,0.003,0,0,0,0,0,0,0,0,0,0,0.83383669,0.010762744,0,0,0,0,0,0,0,0,0,0,0,0,0,0,0,0,0,0,0,0,0,0,0,0,0,157.267,3100.211
2276,0.003,0,0,0,0,0,0,0,0,0,0,0.83383669,0.010762744,0,0,0,0,0,0,0,0,0,0,0,0,0,0,0,0,0,0,0,0,0,0,0,0,0,157.267,3100.211
2277,0.003,0,0,0,0,0,0,0,0,0,0,0.83383669,0.010762744,0,0,0,0,0,0,0,0,0,0,0,0,0,0,0,0,0,0,0,0,0,0,0,0,0,157.267,3100.211
2278,0.003,0,0,0,0,0,0,0,0,0,0,0.83383669,0.010762744,0,0,0,0,0,0,0,0,0,0,0,0,0,0,0,0,0,0,0,0,0,0,0,0,0,157.267,3100.211
2279,0.003,0,0,0,0,0,0,0,0,0,0,0.83383669,0.010762744,0,0,0,0,0,0,0,0,0,0,0,0,0,0,0,0,0,0,0,0,0,0,0,0,0,157.267,3100.211
2280,0.003,0,0,0,0,0,0,0,0,0,0,0.83383669,0.010762744,0,0,0,0,0,0,0,0,0,0,0,0,0,0,0,0,0,0,0,0,0,0,0,0,0,157.267,3100.211
2281,0.003,0,0,0,0,0,0,0,0,0,0,0.83383669,0.010762744,0,0,0,0,0,0,0,0,0,0,0,0,0,0,0,0,0,0,0,0,0,0,0,0,0,157.267,3100.211
2282,0.003,0,0,0,0,0,0,0,0,0,0,0.83383669,0.010762744,0,0,0,0,0,0,0,0,0,0,0,0,0,0,0,0,0,0,0,0,0,0,0,0,0,157.267,3100.211
2283,0.003,0,0,0,0,0,0,0,0,0,0,0.83383669,0.010762744,0,0,0,0,0,0,0,0,0,0,0,0,0,0,0,0,0,0,0,0,0,0,0,0,0,157.267,3100.211
2284,0.003,0,0,0,0,0,0,0,0,0,0,0.83383669,0.010762744,0,0,0,0,0,0,0,0,0,0,0,0,0,0,0,0,0,0,0,0,0,0,0,0,0,157.267,3100.211
2285,0.003,0,0,0,0,0,0,0,0,0,0,0.83383669,0.010762744,0,0,0,0,0,0,0,0,0,0,0,0,0,0,0,0,0,0,0,0,0,0,0,0,0,157.267,3100.211
2286,0.003,0,0,0,0,0,0,0,0,0,0,0.83383669,0.010762744,0,0,0,0,0,0,0,0,0,0,0,0,0,0,0,0,0,0,0,0,0,0,0,0,0,157.267,3100.211
2287,0.003,0,0,0,0,0,0,0,0,0,0,0.83383669,0.010762744,0,0,0,0,0,0,0,0,0,0,0,0,0,0,0,0,0,0,0,0,0,0,0,0,0,157.267,3100.211
2288,0.003,0,0,0,0,0,0,0,0,0,0,0.83383669,0.010762744,0,0,0,0,0,0,0,0,0,0,0,0,0,0,0,0,0,0,0,0,0,0,0,0,0,157.267,3100.211
2289,0.003,0,0,0,0,0,0,0,0,0,0,0.83383669,0.010762744,0,0,0,0,0,0,0,0,0,0,0,0,0,0,0,0,0,0,0,0,0,0,0,0,0,157.267,3100.211
2290,0.003,0,0,0,0,0,0,0,0,0,0,0.83383669,0.010762744,0,0,0,0,0,0,0,0,0,0,0,0,0,0,0,0,0,0,0,0,0,0,0,0,0,157.267,3100.211
2291,0.003,0,0,0,0,0,0,0,0,0,0,0.83383669,0.010762744,0,0,0,0,0,0,0,0,0,0,0,0,0,0,0,0,0,0,0,0,0,0,0,0,0,157.267,3100.211
2292,0.003,0,0,0,0,0,0,0,0,0,0,0.83383669,0.010762744,0,0,0,0,0,0,0,0,0,0,0,0,0,0,0,0,0,0,0,0,0,0,0,0,0,157.267,3100.211
2293,0.003,0,0,0,0,0,0,0,0,0,0,0.83383669,0.010762744,0,0,0,0,0,0,0,0,0,0,0,0,0,0,0,0,0,0,0,0,0,0,0,0,0,157.267,3100.211
2294,0.003,0,0,0,0,0,0,0,0,0,0,0.83383669,0.010762744,0,0,0,0,0,0,0,0,0,0,0,0,0,0,0,0,0,0,0,0,0,0,0,0,0,157.267,3100.211
2295,0.003,0,0,0,0,0,0,0,0,0,0,0.83383669,0.010762744,0,0,0,0,0,0,0,0,0,0,0,0,0,0,0,0,0,0,0,0,0,0,0,0,0,157.267,3100.211
2296,0.003,0,0,0,0,0,0,0,0,0,0,0.83383669,0.010762744,0,0,0,0,0,0,0,0,0,0,0,0,0,0,0,0,0,0,0,0,0,0,0,0,0,157.267,3100.211
2297,0.003,0,0,0,0,0,0,0,0,0,0,0.83383669,0.010762744,0,0,0,0,0,0,0,0,0,0,0,0,0,0,0,0,0,0,0,0,0,0,0,0,0,157.267,3100.211
2298,0.003,0,0,0,0,0,0,0,0,0,0,0.83383669,0.010762744,0,0,0,0,0,0,0,0,0,0,0,0,0,0,0,0,0,0,0,0,0,0,0,0,0,157.267,3100.211
2299,0.003,0,0,0,0,0,0,0,0,0,0,0.83383669,0.010762744,0,0,0,0,0,0,0,0,0,0,0,0,0,0,0,0,0,0,0,0,0,0,0,0,0,157.267,3100.211
2300,0.003,0,0,0,0,0,0,0,0,0,0,0.83383669,0.010762744,0,0,0,0,0,0,0,0,0,0,0,0,0,0,0,0,0,0,0,0,0,0,0,0,0,157.267,3100.211
2301,0.003,0,0,0,0,0,0,0,0,0,0,0.83383669,0.010762744,0,0,0,0,0,0,0,0,0,0,0,0,0,0,0,0,0,0,0,0,0,0,0,0,0,157.267,3100.211
2302,0.003,0,0,0,0,0,0,0,0,0,0,0.83383669,0.010762744,0,0,0,0,0,0,0,0,0,0,0,0,0,0,0,0,0,0,0,0,0,0,0,0,0,157.267,3100.211
2303,0.003,0,0,0,0,0,0,0,0,0,0,0.83383669,0.010762744,0,0,0,0,0,0,0,0,0,0,0,0,0,0,0,0,0,0,0,0,0,0,0,0,0,157.267,3100.211
2304,0.003,0,0,0,0,0,0,0,0,0,0,0.83383669,0.010762744,0,0,0,0,0,0,0,0,0,0,0,0,0,0,0,0,0,0,0,0,0,0,0,0,0,157.267,3100.211
2305,0.003,0,0,0,0,0,0,0,0,0,0,0.83383669,0.010762744,0,0,0,0,0,0,0,0,0,0,0,0,0,0,0,0,0,0,0,0,0,0,0,0,0,157.267,3100.211
2306,0.003,0,0,0,0,0,0,0,0,0,0,0.83383669,0.010762744,0,0,0,0,0,0,0,0,0,0,0,0,0,0,0,0,0,0,0,0,0,0,0,0,0,157.267,3100.211
2307,0.003,0,0,0,0,0,0,0,0,0,0,0.83383669,0.010762744,0,0,0,0,0,0,0,0,0,0,0,0,0,0,0,0,0,0,0,0,0,0,0,0,0,157.267,3100.211
2308,0.003,0,0,0,0,0,0,0,0,0,0,0.83383669,0.010762744,0,0,0,0,0,0,0,0,0,0,0,0,0,0,0,0,0,0,0,0,0,0,0,0,0,157.267,3100.211
2309,0.003,0,0,0,0,0,0,0,0,0,0,0.83383669,0.010762744,0,0,0,0,0,0,0,0,0,0,0,0,0,0,0,0,0,0,0,0,0,0,0,0,0,157.267,3100.211
2310,0.003,0,0,0,0,0,0,0,0,0,0,0.83383669,0.010762744,0,0,0,0,0,0,0,0,0,0,0,0,0,0,0,0,0,0,0,0,0,0,0,0,0,157.267,3100.211
2311,0.003,0,0,0,0,0,0,0,0,0,0,0.83383669,0.010762744,0,0,0,0,0,0,0,0,0,0,0,0,0,0,0,0,0,0,0,0,0,0,0,0,0,157.267,3100.211
2312,0.003,0,0,0,0,0,0,0,0,0,0,0.83383669,0.010762744,0,0,0,0,0,0,0,0,0,0,0,0,0,0,0,0,0,0,0,0,0,0,0,0,0,157.267,3100.211
2313,0.003,0,0,0,0,0,0,0,0,0,0,0.83383669,0.010762744,0,0,0,0,0,0,0,0,0,0,0,0,0,0,0,0,0,0,0,0,0,0,0,0,0,157.267,3100.211
2314,0.003,0,0,0,0,0,0,0,0,0,0,0.83383669,0.010762744,0,0,0,0,0,0,0,0,0,0,0,0,0,0,0,0,0,0,0,0,0,0,0,0,0,157.267,3100.211
2315,0.003,0,0,0,0,0,0,0,0,0,0,0.83383669,0.010762744,0,0,0,0,0,0,0,0,0,0,0,0,0,0,0,0,0,0,0,0,0,0,0,0,0,157.267,3100.211
2316,0.003,0,0,0,0,0,0,0,0,0,0,0.83383669,0.010762744,0,0,0,0,0,0,0,0,0,0,0,0,0,0,0,0,0,0,0,0,0,0,0,0,0,157.267,3100.211
2317,0.003,0,0,0,0,0,0,0,0,0,0,0.83383669,0.010762744,0,0,0,0,0,0,0,0,0,0,0,0,0,0,0,0,0,0,0,0,0,0,0,0,0,157.267,3100.211
2318,0.003,0,0,0,0,0,0,0,0,0,0,0.83383669,0.010762744,0,0,0,0,0,0,0,0,0,0,0,0,0,0,0,0,0,0,0,0,0,0,0,0,0,157.267,3100.211
2319,0.003,0,0,0,0,0,0,0,0,0,0,0.83383669,0.010762744,0,0,0,0,0,0,0,0,0,0,0,0,0,0,0,0,0,0,0,0,0,0,0,0,0,157.267,3100.211
2320,0.003,0,0,0,0,0,0,0,0,0,0,0.83383669,0.010762744,0,0,0,0,0,0,0,0,0,0,0,0,0,0,0,0,0,0,0,0,0,0,0,0,0,157.267,3100.211
2321,0.003,0,0,0,0,0,0,0,0,0,0,0.83383669,0.010762744,0,0,0,0,0,0,0,0,0,0,0,0,0,0,0,0,0,0,0,0,0,0,0,0,0,157.267,3100.211
2322,0.003,0,0,0,0,0,0,0,0,0,0,0.83383669,0.010762744,0,0,0,0,0,0,0,0,0,0,0,0,0,0,0,0,0,0,0,0,0,0,0,0,0,157.267,3100.211
2323,0.003,0,0,0,0,0,0,0,0,0,0,0.83383669,0.010762744,0,0,0,0,0,0,0,0,0,0,0,0,0,0,0,0,0,0,0,0,0,0,0,0,0,157.267,3100.211
2324,0.003,0,0,0,0,0,0,0,0,0,0,0.83383669,0.010762744,0,0,0,0,0,0,0,0,0,0,0,0,0,0,0,0,0,0,0,0,0,0,0,0,0,157.267,3100.211
2325,0.003,0,0,0,0,0,0,0,0,0,0,0.83383669,0.010762744,0,0,0,0,0,0,0,0,0,0,0,0,0,0,0,0,0,0,0,0,0,0,0,0,0,157.267,3100.211
2326,0.003,0,0,0,0,0,0,0,0,0,0,0.83383669,0.010762744,0,0,0,0,0,0,0,0,0,0,0,0,0,0,0,0,0,0,0,0,0,0,0,0,0,157.267,3100.211
2327,0.003,0,0,0,0,0,0,0,0,0,0,0.83383669,0.010762744,0,0,0,0,0,0,0,0,0,0,0,0,0,0,0,0,0,0,0,0,0,0,0,0,0,157.267,3100.211
2328,0.003,0,0,0,0,0,0,0,0,0,0,0.83383669,0.010762744,0,0,0,0,0,0,0,0,0,0,0,0,0,0,0,0,0,0,0,0,0,0,0,0,0,157.267,3100.211
2329,0.003,0,0,0,0,0,0,0,0,0,0,0.83383669,0.010762744,0,0,0,0,0,0,0,0,0,0,0,0,0,0,0,0,0,0,0,0,0,0,0,0,0,157.267,3100.211
2330,0.003,0,0,0,0,0,0,0,0,0,0,0.83383669,0.010762744,0,0,0,0,0,0,0,0,0,0,0,0,0,0,0,0,0,0,0,0,0,0,0,0,0,157.267,3100.211
2331,0.003,0,0,0,0,0,0,0,0,0,0,0.83383669,0.010762744,0,0,0,0,0,0,0,0,0,0,0,0,0,0,0,0,0,0,0,0,0,0,0,0,0,157.267,3100.211
2332,0.003,0,0,0,0,0,0,0,0,0,0,0.83383669,0.010762744,0,0,0,0,0,0,0,0,0,0,0,0,0,0,0,0,0,0,0,0,0,0,0,0,0,157.267,3100.211
2333,0.003,0,0,0,0,0,0,0,0,0,0,0.83383669,0.010762744,0,0,0,0,0,0,0,0,0,0,0,0,0,0,0,0,0,0,0,0,0,0,0,0,0,157.267,3100.211
2334,0.003,0,0,0,0,0,0,0,0,0,0,0.83383669,0.010762744,0,0,0,0,0,0,0,0,0,0,0,0,0,0,0,0,0,0,0,0,0,0,0,0,0,157.267,3100.211
2335,0.003,0,0,0,0,0,0,0,0,0,0,0.83383669,0.010762744,0,0,0,0,0,0,0,0,0,0,0,0,0,0,0,0,0,0,0,0,0,0,0,0,0,157.267,3100.211
2336,0.003,0,0,0,0,0,0,0,0,0,0,0.83383669,0.010762744,0,0,0,0,0,0,0,0,0,0,0,0,0,0,0,0,0,0,0,0,0,0,0,0,0,157.267,3100.211
2337,0.003,0,0,0,0,0,0,0,0,0,0,0.83383669,0.010762744,0,0,0,0,0,0,0,0,0,0,0,0,0,0,0,0,0,0,0,0,0,0,0,0,0,157.267,3100.211
2338,0.003,0,0,0,0,0,0,0,0,0,0,0.83383669,0.010762744,0,0,0,0,0,0,0,0,0,0,0,0,0,0,0,0,0,0,0,0,0,0,0,0,0,157.267,3100.211
2339,0.003,0,0,0,0,0,0,0,0,0,0,0.83383669,0.010762744,0,0,0,0,0,0,0,0,0,0,0,0,0,0,0,0,0,0,0,0,0,0,0,0,0,157.267,3100.211
2340,0.003,0,0,0,0,0,0,0,0,0,0,0.83383669,0.010762744,0,0,0,0,0,0,0,0,0,0,0,0,0,0,0,0,0,0,0,0,0,0,0,0,0,157.267,3100.211
2341,0.003,0,0,0,0,0,0,0,0,0,0,0.83383669,0.010762744,0,0,0,0,0,0,0,0,0,0,0,0,0,0,0,0,0,0,0,0,0,0,0,0,0,157.267,3100.211
2342,0.003,0,0,0,0,0,0,0,0,0,0,0.83383669,0.010762744,0,0,0,0,0,0,0,0,0,0,0,0,0,0,0,0,0,0,0,0,0,0,0,0,0,157.267,3100.211
2343,0.003,0,0,0,0,0,0,0,0,0,0,0.83383669,0.010762744,0,0,0,0,0,0,0,0,0,0,0,0,0,0,0,0,0,0,0,0,0,0,0,0,0,157.267,3100.211
2344,0.003,0,0,0,0,0,0,0,0,0,0,0.83383669,0.010762744,0,0,0,0,0,0,0,0,0,0,0,0,0,0,0,0,0,0,0,0,0,0,0,0,0,157.267,3100.211
2345,0.003,0,0,0,0,0,0,0,0,0,0,0.83383669,0.010762744,0,0,0,0,0,0,0,0,0,0,0,0,0,0,0,0,0,0,0,0,0,0,0,0,0,157.267,3100.211
2346,0.003,0,0,0,0,0,0,0,0,0,0,0.83383669,0.010762744,0,0,0,0,0,0,0,0,0,0,0,0,0,0,0,0,0,0,0,0,0,0,0,0,0,157.267,3100.211
2347,0.003,0,0,0,0,0,0,0,0,0,0,0.83383669,0.010762744,0,0,0,0,0,0,0,0,0,0,0,0,0,0,0,0,0,0,0,0,0,0,0,0,0,157.267,3100.211
2348,0.003,0,0,0,0,0,0,0,0,0,0,0.83383669,0.010762744,0,0,0,0,0,0,0,0,0,0,0,0,0,0,0,0,0,0,0,0,0,0,0,0,0,157.267,3100.211
2349,0.003,0,0,0,0,0,0,0,0,0,0,0.83383669,0.010762744,0,0,0,0,0,0,0,0,0,0,0,0,0,0,0,0,0,0,0,0,0,0,0,0,0,157.267,3100.211
2350,0.003,0,0,0,0,0,0,0,0,0,0,0.83383669,0.010762744,0,0,0,0,0,0,0,0,0,0,0,0,0,0,0,0,0,0,0,0,0,0,0,0,0,157.267,3100.211
2351,0.003,0,0,0,0,0,0,0,0,0,0,0.83383669,0.010762744,0,0,0,0,0,0,0,0,0,0,0,0,0,0,0,0,0,0,0,0,0,0,0,0,0,157.267,3100.211
2352,0.003,0,0,0,0,0,0,0,0,0,0,0.83383669,0.010762744,0,0,0,0,0,0,0,0,0,0,0,0,0,0,0,0,0,0,0,0,0,0,0,0,0,157.267,3100.211
2353,0.003,0,0,0,0,0,0,0,0,0,0,0.83383669,0.010762744,0,0,0,0,0,0,0,0,0,0,0,0,0,0,0,0,0,0,0,0,0,0,0,0,0,157.267,3100.211
2354,0.003,0,0,0,0,0,0,0,0,0,0,0.83383669,0.010762744,0,0,0,0,0,0,0,0,0,0,0,0,0,0,0,0,0,0,0,0,0,0,0,0,0,157.267,3100.211
2355,0.003,0,0,0,0,0,0,0,0,0,0,0.83383669,0.010762744,0,0,0,0,0,0,0,0,0,0,0,0,0,0,0,0,0,0,0,0,0,0,0,0,0,157.267,3100.211
2356,0.003,0,0,0,0,0,0,0,0,0,0,0.83383669,0.010762744,0,0,0,0,0,0,0,0,0,0,0,0,0,0,0,0,0,0,0,0,0,0,0,0,0,157.267,3100.211
2357,0.003,0,0,0,0,0,0,0,0,0,0,0.83383669,0.010762744,0,0,0,0,0,0,0,0,0,0,0,0,0,0,0,0,0,0,0,0,0,0,0,0,0,157.267,3100.211
2358,0.003,0,0,0,0,0,0,0,0,0,0,0.83383669,0.010762744,0,0,0,0,0,0,0,0,0,0,0,0,0,0,0,0,0,0,0,0,0,0,0,0,0,157.267,3100.211
2359,0.003,0,0,0,0,0,0,0,0,0,0,0.83383669,0.010762744,0,0,0,0,0,0,0,0,0,0,0,0,0,0,0,0,0,0,0,0,0,0,0,0,0,157.267,3100.211
2360,0.003,0,0,0,0,0,0,0,0,0,0,0.83383669,0.010762744,0,0,0,0,0,0,0,0,0,0,0,0,0,0,0,0,0,0,0,0,0,0,0,0,0,157.267,3100.211
2361,0.003,0,0,0,0,0,0,0,0,0,0,0.83383669,0.010762744,0,0,0,0,0,0,0,0,0,0,0,0,0,0,0,0,0,0,0,0,0,0,0,0,0,157.267,3100.211
2362,0.003,0,0,0,0,0,0,0,0,0,0,0.83383669,0.010762744,0,0,0,0,0,0,0,0,0,0,0,0,0,0,0,0,0,0,0,0,0,0,0,0,0,157.267,3100.211
2363,0.003,0,0,0,0,0,0,0,0,0,0,0.83383669,0.010762744,0,0,0,0,0,0,0,0,0,0,0,0,0,0,0,0,0,0,0,0,0,0,0,0,0,157.267,3100.211
2364,0.003,0,0,0,0,0,0,0,0,0,0,0.83383669,0.010762744,0,0,0,0,0,0,0,0,0,0,0,0,0,0,0,0,0,0,0,0,0,0,0,0,0,157.267,3100.211
2365,0.003,0,0,0,0,0,0,0,0,0,0,0.83383669,0.010762744,0,0,0,0,0,0,0,0,0,0,0,0,0,0,0,0,0,0,0,0,0,0,0,0,0,157.267,3100.211
2366,0.003,0,0,0,0,0,0,0,0,0,0,0.83383669,0.010762744,0,0,0,0,0,0,0,0,0,0,0,0,0,0,0,0,0,0,0,0,0,0,0,0,0,157.267,3100.211
2367,0.003,0,0,0,0,0,0,0,0,0,0,0.83383669,0.010762744,0,0,0,0,0,0,0,0,0,0,0,0,0,0,0,0,0,0,0,0,0,0,0,0,0,157.267,3100.211
2368,0.003,0,0,0,0,0,0,0,0,0,0,0.83383669,0.010762744,0,0,0,0,0,0,0,0,0,0,0,0,0,0,0,0,0,0,0,0,0,0,0,0,0,157.267,3100.211
2369,0.003,0,0,0,0,0,0,0,0,0,0,0.83383669,0.010762744,0,0,0,0,0,0,0,0,0,0,0,0,0,0,0,0,0,0,0,0,0,0,0,0,0,157.267,3100.211
2370,0.003,0,0,0,0,0,0,0,0,0,0,0.83383669,0.010762744,0,0,0,0,0,0,0,0,0,0,0,0,0,0,0,0,0,0,0,0,0,0,0,0,0,157.267,3100.211
2371,0.003,0,0,0,0,0,0,0,0,0,0,0.83383669,0.010762744,0,0,0,0,0,0,0,0,0,0,0,0,0,0,0,0,0,0,0,0,0,0,0,0,0,157.267,3100.211
2372,0.003,0,0,0,0,0,0,0,0,0,0,0.83383669,0.010762744,0,0,0,0,0,0,0,0,0,0,0,0,0,0,0,0,0,0,0,0,0,0,0,0,0,157.267,3100.211
2373,0.003,0,0,0,0,0,0,0,0,0,0,0.83383669,0.010762744,0,0,0,0,0,0,0,0,0,0,0,0,0,0,0,0,0,0,0,0,0,0,0,0,0,157.267,3100.211
2374,0.003,0,0,0,0,0,0,0,0,0,0,0.83383669,0.010762744,0,0,0,0,0,0,0,0,0,0,0,0,0,0,0,0,0,0,0,0,0,0,0,0,0,157.267,3100.211
2375,0.003,0,0,0,0,0,0,0,0,0,0,0.83383669,0.010762744,0,0,0,0,0,0,0,0,0,0,0,0,0,0,0,0,0,0,0,0,0,0,0,0,0,157.267,3100.211
2376,0.003,0,0,0,0,0,0,0,0,0,0,0.83383669,0.010762744,0,0,0,0,0,0,0,0,0,0,0,0,0,0,0,0,0,0,0,0,0,0,0,0,0,157.267,3100.211
2377,0.003,0,0,0,0,0,0,0,0,0,0,0.83383669,0.010762744,0,0,0,0,0,0,0,0,0,0,0,0,0,0,0,0,0,0,0,0,0,0,0,0,0,157.267,3100.211
2378,0.003,0,0,0,0,0,0,0,0,0,0,0.83383669,0.010762744,0,0,0,0,0,0,0,0,0,0,0,0,0,0,0,0,0,0,0,0,0,0,0,0,0,157.267,3100.211
2379,0.003,0,0,0,0,0,0,0,0,0,0,0.83383669,0.010762744,0,0,0,0,0,0,0,0,0,0,0,0,0,0,0,0,0,0,0,0,0,0,0,0,0,157.267,3100.211
2380,0.003,0,0,0,0,0,0,0,0,0,0,0.83383669,0.010762744,0,0,0,0,0,0,0,0,0,0,0,0,0,0,0,0,0,0,0,0,0,0,0,0,0,157.267,3100.211
2381,0.003,0,0,0,0,0,0,0,0,0,0,0.83383669,0.010762744,0,0,0,0,0,0,0,0,0,0,0,0,0,0,0,0,0,0,0,0,0,0,0,0,0,157.267,3100.211
2382,0.003,0,0,0,0,0,0,0,0,0,0,0.83383669,0.010762744,0,0,0,0,0,0,0,0,0,0,0,0,0,0,0,0,0,0,0,0,0,0,0,0,0,157.267,3100.211
2383,0.003,0,0,0,0,0,0,0,0,0,0,0.83383669,0.010762744,0,0,0,0,0,0,0,0,0,0,0,0,0,0,0,0,0,0,0,0,0,0,0,0,0,157.267,3100.211
2384,0.003,0,0,0,0,0,0,0,0,0,0,0.83383669,0.010762744,0,0,0,0,0,0,0,0,0,0,0,0,0,0,0,0,0,0,0,0,0,0,0,0,0,157.267,3100.211
2385,0.003,0,0,0,0,0,0,0,0,0,0,0.83383669,0.010762744,0,0,0,0,0,0,0,0,0,0,0,0,0,0,0,0,0,0,0,0,0,0,0,0,0,157.267,3100.211
2386,0.003,0,0,0,0,0,0,0,0,0,0,0.83383669,0.010762744,0,0,0,0,0,0,0,0,0,0,0,0,0,0,0,0,0,0,0,0,0,0,0,0,0,157.267,3100.211
2387,0.003,0,0,0,0,0,0,0,0,0,0,0.83383669,0.010762744,0,0,0,0,0,0,0,0,0,0,0,0,0,0,0,0,0,0,0,0,0,0,0,0,0,157.267,3100.211
2388,0.003,0,0,0,0,0,0,0,0,0,0,0.83383669,0.010762744,0,0,0,0,0,0,0,0,0,0,0,0,0,0,0,0,0,0,0,0,0,0,0,0,0,157.267,3100.211
2389,0.003,0,0,0,0,0,0,0,0,0,0,0.83383669,0.010762744,0,0,0,0,0,0,0,0,0,0,0,0,0,0,0,0,0,0,0,0,0,0,0,0,0,157.267,3100.211
2390,0.003,0,0,0,0,0,0,0,0,0,0,0.83383669,0.010762744,0,0,0,0,0,0,0,0,0,0,0,0,0,0,0,0,0,0,0,0,0,0,0,0,0,157.267,3100.211
2391,0.003,0,0,0,0,0,0,0,0,0,0,0.83383669,0.010762744,0,0,0,0,0,0,0,0,0,0,0,0,0,0,0,0,0,0,0,0,0,0,0,0,0,157.267,3100.211
2392,0.003,0,0,0,0,0,0,0,0,0,0,0.83383669,0.010762744,0,0,0,0,0,0,0,0,0,0,0,0,0,0,0,0,0,0,0,0,0,0,0,0,0,157.267,3100.211
2393,0.003,0,0,0,0,0,0,0,0,0,0,0.83383669,0.010762744,0,0,0,0,0,0,0,0,0,0,0,0,0,0,0,0,0,0,0,0,0,0,0,0,0,157.267,3100.211
2394,0.003,0,0,0,0,0,0,0,0,0,0,0.83383669,0.010762744,0,0,0,0,0,0,0,0,0,0,0,0,0,0,0,0,0,0,0,0,0,0,0,0,0,157.267,3100.211
2395,0.003,0,0,0,0,0,0,0,0,0,0,0.83383669,0.010762744,0,0,0,0,0,0,0,0,0,0,0,0,0,0,0,0,0,0,0,0,0,0,0,0,0,157.267,3100.211
2396,0.003,0,0,0,0,0,0,0,0,0,0,0.83383669,0.010762744,0,0,0,0,0,0,0,0,0,0,0,0,0,0,0,0,0,0,0,0,0,0,0,0,0,157.267,3100.211
2397,0.003,0,0,0,0,0,0,0,0,0,0,0.83383669,0.010762744,0,0,0,0,0,0,0,0,0,0,0,0,0,0,0,0,0,0,0,0,0,0,0,0,0,157.267,3100.211
2398,0.003,0,0,0,0,0,0,0,0,0,0,0.83383669,0.010762744,0,0,0,0,0,0,0,0,0,0,0,0,0,0,0,0,0,0,0,0,0,0,0,0,0,157.267,3100.211
2399,0.003,0,0,0,0,0,0,0,0,0,0,0.83383669,0.010762744,0,0,0,0,0,0,0,0,0,0,0,0,0,0,0,0,0,0,0,0,0,0,0,0,0,157.267,3100.211
2400,0.003,0,0,0,0,0,0,0,0,0,0,0.83383669,0.010762744,0,0,0,0,0,0,0,0,0,0,0,0,0,0,0,0,0,0,0,0,0,0,0,0,0,157.267,3100.211
2401,0.003,0,0,0,0,0,0,0,0,0,0,0.83383669,0.010762744,0,0,0,0,0,0,0,0,0,0,0,0,0,0,0,0,0,0,0,0,0,0,0,0,0,157.267,3100.211
2402,0.003,0,0,0,0,0,0,0,0,0,0,0.83383669,0.010762744,0,0,0,0,0,0,0,0,0,0,0,0,0,0,0,0,0,0,0,0,0,0,0,0,0,157.267,3100.211
2403,0.003,0,0,0,0,0,0,0,0,0,0,0.83383669,0.010762744,0,0,0,0,0,0,0,0,0,0,0,0,0,0,0,0,0,0,0,0,0,0,0,0,0,157.267,3100.211
2404,0.003,0,0,0,0,0,0,0,0,0,0,0.83383669,0.010762744,0,0,0,0,0,0,0,0,0,0,0,0,0,0,0,0,0,0,0,0,0,0,0,0,0,157.267,3100.211
2405,0.003,0,0,0,0,0,0,0,0,0,0,0.83383669,0.010762744,0,0,0,0,0,0,0,0,0,0,0,0,0,0,0,0,0,0,0,0,0,0,0,0,0,157.267,3100.211
2406,0.003,0,0,0,0,0,0,0,0,0,0,0.83383669,0.010762744,0,0,0,0,0,0,0,0,0,0,0,0,0,0,0,0,0,0,0,0,0,0,0,0,0,157.267,3100.211
2407,0.003,0,0,0,0,0,0,0,0,0,0,0.83383669,0.010762744,0,0,0,0,0,0,0,0,0,0,0,0,0,0,0,0,0,0,0,0,0,0,0,0,0,157.267,3100.211
2408,0.003,0,0,0,0,0,0,0,0,0,0,0.83383669,0.010762744,0,0,0,0,0,0,0,0,0,0,0,0,0,0,0,0,0,0,0,0,0,0,0,0,0,157.267,3100.211
2409,0.003,0,0,0,0,0,0,0,0,0,0,0.83383669,0.010762744,0,0,0,0,0,0,0,0,0,0,0,0,0,0,0,0,0,0,0,0,0,0,0,0,0,157.267,3100.211
2410,0.003,0,0,0,0,0,0,0,0,0,0,0.83383669,0.010762744,0,0,0,0,0,0,0,0,0,0,0,0,0,0,0,0,0,0,0,0,0,0,0,0,0,157.267,3100.211
2411,0.003,0,0,0,0,0,0,0,0,0,0,0.83383669,0.010762744,0,0,0,0,0,0,0,0,0,0,0,0,0,0,0,0,0,0,0,0,0,0,0,0,0,157.267,3100.211
2412,0.003,0,0,0,0,0,0,0,0,0,0,0.83383669,0.010762744,0,0,0,0,0,0,0,0,0,0,0,0,0,0,0,0,0,0,0,0,0,0,0,0,0,157.267,3100.211
2413,0.003,0,0,0,0,0,0,0,0,0,0,0.83383669,0.010762744,0,0,0,0,0,0,0,0,0,0,0,0,0,0,0,0,0,0,0,0,0,0,0,0,0,157.267,3100.211
2414,0.003,0,0,0,0,0,0,0,0,0,0,0.83383669,0.010762744,0,0,0,0,0,0,0,0,0,0,0,0,0,0,0,0,0,0,0,0,0,0,0,0,0,157.267,3100.211
2415,0.003,0,0,0,0,0,0,0,0,0,0,0.83383669,0.010762744,0,0,0,0,0,0,0,0,0,0,0,0,0,0,0,0,0,0,0,0,0,0,0,0,0,157.267,3100.211
2416,0.003,0,0,0,0,0,0,0,0,0,0,0.83383669,0.010762744,0,0,0,0,0,0,0,0,0,0,0,0,0,0,0,0,0,0,0,0,0,0,0,0,0,157.267,3100.211
2417,0.003,0,0,0,0,0,0,0,0,0,0,0.83383669,0.010762744,0,0,0,0,0,0,0,0,0,0,0,0,0,0,0,0,0,0,0,0,0,0,0,0,0,157.267,3100.211
2418,0.003,0,0,0,0,0,0,0,0,0,0,0.83383669,0.010762744,0,0,0,0,0,0,0,0,0,0,0,0,0,0,0,0,0,0,0,0,0,0,0,0,0,157.267,3100.211
2419,0.003,0,0,0,0,0,0,0,0,0,0,0.83383669,0.010762744,0,0,0,0,0,0,0,0,0,0,0,0,0,0,0,0,0,0,0,0,0,0,0,0,0,157.267,3100.211
2420,0.003,0,0,0,0,0,0,0,0,0,0,0.83383669,0.010762744,0,0,0,0,0,0,0,0,0,0,0,0,0,0,0,0,0,0,0,0,0,0,0,0,0,157.267,3100.211
2421,0.003,0,0,0,0,0,0,0,0,0,0,0.83383669,0.010762744,0,0,0,0,0,0,0,0,0,0,0,0,0,0,0,0,0,0,0,0,0,0,0,0,0,157.267,3100.211
2422,0.003,0,0,0,0,0,0,0,0,0,0,0.83383669,0.010762744,0,0,0,0,0,0,0,0,0,0,0,0,0,0,0,0,0,0,0,0,0,0,0,0,0,157.267,3100.211
2423,0.003,0,0,0,0,0,0,0,0,0,0,0.83383669,0.010762744,0,0,0,0,0,0,0,0,0,0,0,0,0,0,0,0,0,0,0,0,0,0,0,0,0,157.267,3100.211
2424,0.003,0,0,0,0,0,0,0,0,0,0,0.83383669,0.010762744,0,0,0,0,0,0,0,0,0,0,0,0,0,0,0,0,0,0,0,0,0,0,0,0,0,157.267,3100.211
2425,0.003,0,0,0,0,0,0,0,0,0,0,0.83383669,0.010762744,0,0,0,0,0,0,0,0,0,0,0,0,0,0,0,0,0,0,0,0,0,0,0,0,0,157.267,3100.211
2426,0.003,0,0,0,0,0,0,0,0,0,0,0.83383669,0.010762744,0,0,0,0,0,0,0,0,0,0,0,0,0,0,0,0,0,0,0,0,0,0,0,0,0,157.267,3100.211
2427,0.003,0,0,0,0,0,0,0,0,0,0,0.83383669,0.010762744,0,0,0,0,0,0,0,0,0,0,0,0,0,0,0,0,0,0,0,0,0,0,0,0,0,157.267,3100.211
2428,0.003,0,0,0,0,0,0,0,0,0,0,0.83383669,0.010762744,0,0,0,0,0,0,0,0,0,0,0,0,0,0,0,0,0,0,0,0,0,0,0,0,0,157.267,3100.211
2429,0.003,0,0,0,0,0,0,0,0,0,0,0.83383669,0.010762744,0,0,0,0,0,0,0,0,0,0,0,0,0,0,0,0,0,0,0,0,0,0,0,0,0,157.267,3100.211
2430,0.003,0,0,0,0,0,0,0,0,0,0,0.83383669,0.010762744,0,0,0,0,0,0,0,0,0,0,0,0,0,0,0,0,0,0,0,0,0,0,0,0,0,157.267,3100.211
2431,0.003,0,0,0,0,0,0,0,0,0,0,0.83383669,0.010762744,0,0,0,0,0,0,0,0,0,0,0,0,0,0,0,0,0,0,0,0,0,0,0,0,0,157.267,3100.211
2432,0.003,0,0,0,0,0,0,0,0,0,0,0.83383669,0.010762744,0,0,0,0,0,0,0,0,0,0,0,0,0,0,0,0,0,0,0,0,0,0,0,0,0,157.267,3100.211
2433,0.003,0,0,0,0,0,0,0,0,0,0,0.83383669,0.010762744,0,0,0,0,0,0,0,0,0,0,0,0,0,0,0,0,0,0,0,0,0,0,0,0,0,157.267,3100.211
2434,0.003,0,0,0,0,0,0,0,0,0,0,0.83383669,0.010762744,0,0,0,0,0,0,0,0,0,0,0,0,0,0,0,0,0,0,0,0,0,0,0,0,0,157.267,3100.211
2435,0.003,0,0,0,0,0,0,0,0,0,0,0.83383669,0.010762744,0,0,0,0,0,0,0,0,0,0,0,0,0,0,0,0,0,0,0,0,0,0,0,0,0,157.267,3100.211
2436,0.003,0,0,0,0,0,0,0,0,0,0,0.83383669,0.010762744,0,0,0,0,0,0,0,0,0,0,0,0,0,0,0,0,0,0,0,0,0,0,0,0,0,157.267,3100.211
2437,0.003,0,0,0,0,0,0,0,0,0,0,0.83383669,0.010762744,0,0,0,0,0,0,0,0,0,0,0,0,0,0,0,0,0,0,0,0,0,0,0,0,0,157.267,3100.211
2438,0.003,0,0,0,0,0,0,0,0,0,0,0.83383669,0.010762744,0,0,0,0,0,0,0,0,0,0,0,0,0,0,0,0,0,0,0,0,0,0,0,0,0,157.267,3100.211
2439,0.003,0,0,0,0,0,0,0,0,0,0,0.83383669,0.010762744,0,0,0,0,0,0,0,0,0,0,0,0,0,0,0,0,0,0,0,0,0,0,0,0,0,157.267,3100.211
2440,0.003,0,0,0,0,0,0,0,0,0,0,0.83383669,0.010762744,0,0,0,0,0,0,0,0,0,0,0,0,0,0,0,0,0,0,0,0,0,0,0,0,0,157.267,3100.211
2441,0.003,0,0,0,0,0,0,0,0,0,0,0.83383669,0.010762744,0,0,0,0,0,0,0,0,0,0,0,0,0,0,0,0,0,0,0,0,0,0,0,0,0,157.267,3100.211
2442,0.003,0,0,0,0,0,0,0,0,0,0,0.83383669,0.010762744,0,0,0,0,0,0,0,0,0,0,0,0,0,0,0,0,0,0,0,0,0,0,0,0,0,157.267,3100.211
2443,0.003,0,0,0,0,0,0,0,0,0,0,0.83383669,0.010762744,0,0,0,0,0,0,0,0,0,0,0,0,0,0,0,0,0,0,0,0,0,0,0,0,0,157.267,3100.211
2444,0.003,0,0,0,0,0,0,0,0,0,0,0.83383669,0.010762744,0,0,0,0,0,0,0,0,0,0,0,0,0,0,0,0,0,0,0,0,0,0,0,0,0,157.267,3100.211
2445,0.003,0,0,0,0,0,0,0,0,0,0,0.83383669,0.010762744,0,0,0,0,0,0,0,0,0,0,0,0,0,0,0,0,0,0,0,0,0,0,0,0,0,157.267,3100.211
2446,0.003,0,0,0,0,0,0,0,0,0,0,0.83383669,0.010762744,0,0,0,0,0,0,0,0,0,0,0,0,0,0,0,0,0,0,0,0,0,0,0,0,0,157.267,3100.211
2447,0.003,0,0,0,0,0,0,0,0,0,0,0.83383669,0.010762744,0,0,0,0,0,0,0,0,0,0,0,0,0,0,0,0,0,0,0,0,0,0,0,0,0,157.267,3100.211
2448,0.003,0,0,0,0,0,0,0,0,0,0,0.83383669,0.010762744,0,0,0,0,0,0,0,0,0,0,0,0,0,0,0,0,0,0,0,0,0,0,0,0,0,157.267,3100.211
2449,0.003,0,0,0,0,0,0,0,0,0,0,0.83383669,0.010762744,0,0,0,0,0,0,0,0,0,0,0,0,0,0,0,0,0,0,0,0,0,0,0,0,0,157.267,3100.211
2450,0.003,0,0,0,0,0,0,0,0,0,0,0.83383669,0.010762744,0,0,0,0,0,0,0,0,0,0,0,0,0,0,0,0,0,0,0,0,0,0,0,0,0,157.267,3100.211
2451,0.003,0,0,0,0,0,0,0,0,0,0,0.83383669,0.010762744,0,0,0,0,0,0,0,0,0,0,0,0,0,0,0,0,0,0,0,0,0,0,0,0,0,157.267,3100.211
2452,0.003,0,0,0,0,0,0,0,0,0,0,0.83383669,0.010762744,0,0,0,0,0,0,0,0,0,0,0,0,0,0,0,0,0,0,0,0,0,0,0,0,0,157.267,3100.211
2453,0.003,0,0,0,0,0,0,0,0,0,0,0.83383669,0.010762744,0,0,0,0,0,0,0,0,0,0,0,0,0,0,0,0,0,0,0,0,0,0,0,0,0,157.267,3100.211
2454,0.003,0,0,0,0,0,0,0,0,0,0,0.83383669,0.010762744,0,0,0,0,0,0,0,0,0,0,0,0,0,0,0,0,0,0,0,0,0,0,0,0,0,157.267,3100.211
2455,0.003,0,0,0,0,0,0,0,0,0,0,0.83383669,0.010762744,0,0,0,0,0,0,0,0,0,0,0,0,0,0,0,0,0,0,0,0,0,0,0,0,0,157.267,3100.211
2456,0.003,0,0,0,0,0,0,0,0,0,0,0.83383669,0.010762744,0,0,0,0,0,0,0,0,0,0,0,0,0,0,0,0,0,0,0,0,0,0,0,0,0,157.267,3100.211
2457,0.003,0,0,0,0,0,0,0,0,0,0,0.83383669,0.010762744,0,0,0,0,0,0,0,0,0,0,0,0,0,0,0,0,0,0,0,0,0,0,0,0,0,157.267,3100.211
2458,0.003,0,0,0,0,0,0,0,0,0,0,0.83383669,0.010762744,0,0,0,0,0,0,0,0,0,0,0,0,0,0,0,0,0,0,0,0,0,0,0,0,0,157.267,3100.211
2459,0.003,0,0,0,0,0,0,0,0,0,0,0.83383669,0.010762744,0,0,0,0,0,0,0,0,0,0,0,0,0,0,0,0,0,0,0,0,0,0,0,0,0,157.267,3100.211
2460,0.003,0,0,0,0,0,0,0,0,0,0,0.83383669,0.010762744,0,0,0,0,0,0,0,0,0,0,0,0,0,0,0,0,0,0,0,0,0,0,0,0,0,157.267,3100.211
2461,0.003,0,0,0,0,0,0,0,0,0,0,0.83383669,0.010762744,0,0,0,0,0,0,0,0,0,0,0,0,0,0,0,0,0,0,0,0,0,0,0,0,0,157.267,3100.211
2462,0.003,0,0,0,0,0,0,0,0,0,0,0.83383669,0.010762744,0,0,0,0,0,0,0,0,0,0,0,0,0,0,0,0,0,0,0,0,0,0,0,0,0,157.267,3100.211
2463,0.003,0,0,0,0,0,0,0,0,0,0,0.83383669,0.010762744,0,0,0,0,0,0,0,0,0,0,0,0,0,0,0,0,0,0,0,0,0,0,0,0,0,157.267,3100.211
2464,0.003,0,0,0,0,0,0,0,0,0,0,0.83383669,0.010762744,0,0,0,0,0,0,0,0,0,0,0,0,0,0,0,0,0,0,0,0,0,0,0,0,0,157.267,3100.211
2465,0.003,0,0,0,0,0,0,0,0,0,0,0.83383669,0.010762744,0,0,0,0,0,0,0,0,0,0,0,0,0,0,0,0,0,0,0,0,0,0,0,0,0,157.267,3100.211
2466,0.003,0,0,0,0,0,0,0,0,0,0,0.83383669,0.010762744,0,0,0,0,0,0,0,0,0,0,0,0,0,0,0,0,0,0,0,0,0,0,0,0,0,157.267,3100.211
2467,0.003,0,0,0,0,0,0,0,0,0,0,0.83383669,0.010762744,0,0,0,0,0,0,0,0,0,0,0,0,0,0,0,0,0,0,0,0,0,0,0,0,0,157.267,3100.211
2468,0.003,0,0,0,0,0,0,0,0,0,0,0.83383669,0.010762744,0,0,0,0,0,0,0,0,0,0,0,0,0,0,0,0,0,0,0,0,0,0,0,0,0,157.267,3100.211
2469,0.003,0,0,0,0,0,0,0,0,0,0,0.83383669,0.010762744,0,0,0,0,0,0,0,0,0,0,0,0,0,0,0,0,0,0,0,0,0,0,0,0,0,157.267,3100.211
2470,0.003,0,0,0,0,0,0,0,0,0,0,0.83383669,0.010762744,0,0,0,0,0,0,0,0,0,0,0,0,0,0,0,0,0,0,0,0,0,0,0,0,0,157.267,3100.211
2471,0.003,0,0,0,0,0,0,0,0,0,0,0.83383669,0.010762744,0,0,0,0,0,0,0,0,0,0,0,0,0,0,0,0,0,0,0,0,0,0,0,0,0,157.267,3100.211
2472,0.003,0,0,0,0,0,0,0,0,0,0,0.83383669,0.010762744,0,0,0,0,0,0,0,0,0,0,0,0,0,0,0,0,0,0,0,0,0,0,0,0,0,157.267,3100.211
2473,0.003,0,0,0,0,0,0,0,0,0,0,0.83383669,0.010762744,0,0,0,0,0,0,0,0,0,0,0,0,0,0,0,0,0,0,0,0,0,0,0,0,0,157.267,3100.211
2474,0.003,0,0,0,0,0,0,0,0,0,0,0.83383669,0.010762744,0,0,0,0,0,0,0,0,0,0,0,0,0,0,0,0,0,0,0,0,0,0,0,0,0,157.267,3100.211
2475,0.003,0,0,0,0,0,0,0,0,0,0,0.83383669,0.010762744,0,0,0,0,0,0,0,0,0,0,0,0,0,0,0,0,0,0,0,0,0,0,0,0,0,157.267,3100.211
2476,0.003,0,0,0,0,0,0,0,0,0,0,0.83383669,0.010762744,0,0,0,0,0,0,0,0,0,0,0,0,0,0,0,0,0,0,0,0,0,0,0,0,0,157.267,3100.211
2477,0.003,0,0,0,0,0,0,0,0,0,0,0.83383669,0.010762744,0,0,0,0,0,0,0,0,0,0,0,0,0,0,0,0,0,0,0,0,0,0,0,0,0,157.267,3100.211
2478,0.003,0,0,0,0,0,0,0,0,0,0,0.83383669,0.010762744,0,0,0,0,0,0,0,0,0,0,0,0,0,0,0,0,0,0,0,0,0,0,0,0,0,157.267,3100.211
2479,0.003,0,0,0,0,0,0,0,0,0,0,0.83383669,0.010762744,0,0,0,0,0,0,0,0,0,0,0,0,0,0,0,0,0,0,0,0,0,0,0,0,0,157.267,3100.211
2480,0.003,0,0,0,0,0,0,0,0,0,0,0.83383669,0.010762744,0,0,0,0,0,0,0,0,0,0,0,0,0,0,0,0,0,0,0,0,0,0,0,0,0,157.267,3100.211
2481,0.003,0,0,0,0,0,0,0,0,0,0,0.83383669,0.010762744,0,0,0,0,0,0,0,0,0,0,0,0,0,0,0,0,0,0,0,0,0,0,0,0,0,157.267,3100.211
2482,0.003,0,0,0,0,0,0,0,0,0,0,0.83383669,0.010762744,0,0,0,0,0,0,0,0,0,0,0,0,0,0,0,0,0,0,0,0,0,0,0,0,0,157.267,3100.211
2483,0.003,0,0,0,0,0,0,0,0,0,0,0.83383669,0.010762744,0,0,0,0,0,0,0,0,0,0,0,0,0,0,0,0,0,0,0,0,0,0,0,0,0,157.267,3100.211
2484,0.003,0,0,0,0,0,0,0,0,0,0,0.83383669,0.010762744,0,0,0,0,0,0,0,0,0,0,0,0,0,0,0,0,0,0,0,0,0,0,0,0,0,157.267,3100.211
2485,0.003,0,0,0,0,0,0,0,0,0,0,0.83383669,0.010762744,0,0,0,0,0,0,0,0,0,0,0,0,0,0,0,0,0,0,0,0,0,0,0,0,0,157.267,3100.211
2486,0.003,0,0,0,0,0,0,0,0,0,0,0.83383669,0.010762744,0,0,0,0,0,0,0,0,0,0,0,0,0,0,0,0,0,0,0,0,0,0,0,0,0,157.267,3100.211
2487,0.003,0,0,0,0,0,0,0,0,0,0,0.83383669,0.010762744,0,0,0,0,0,0,0,0,0,0,0,0,0,0,0,0,0,0,0,0,0,0,0,0,0,157.267,3100.211
2488,0.003,0,0,0,0,0,0,0,0,0,0,0.83383669,0.010762744,0,0,0,0,0,0,0,0,0,0,0,0,0,0,0,0,0,0,0,0,0,0,0,0,0,157.267,3100.211
2489,0.003,0,0,0,0,0,0,0,0,0,0,0.83383669,0.010762744,0,0,0,0,0,0,0,0,0,0,0,0,0,0,0,0,0,0,0,0,0,0,0,0,0,157.267,3100.211
2490,0.003,0,0,0,0,0,0,0,0,0,0,0.83383669,0.010762744,0,0,0,0,0,0,0,0,0,0,0,0,0,0,0,0,0,0,0,0,0,0,0,0,0,157.267,3100.211
2491,0.003,0,0,0,0,0,0,0,0,0,0,0.83383669,0.010762744,0,0,0,0,0,0,0,0,0,0,0,0,0,0,0,0,0,0,0,0,0,0,0,0,0,157.267,3100.211
2492,0.003,0,0,0,0,0,0,0,0,0,0,0.83383669,0.010762744,0,0,0,0,0,0,0,0,0,0,0,0,0,0,0,0,0,0,0,0,0,0,0,0,0,157.267,3100.211
2493,0.003,0,0,0,0,0,0,0,0,0,0,0.83383669,0.010762744,0,0,0,0,0,0,0,0,0,0,0,0,0,0,0,0,0,0,0,0,0,0,0,0,0,157.267,3100.211
2494,0.003,0,0,0,0,0,0,0,0,0,0,0.83383669,0.010762744,0,0,0,0,0,0,0,0,0,0,0,0,0,0,0,0,0,0,0,0,0,0,0,0,0,157.267,3100.211
2495,0.003,0,0,0,0,0,0,0,0,0,0,0.83383669,0.010762744,0,0,0,0,0,0,0,0,0,0,0,0,0,0,0,0,0,0,0,0,0,0,0,0,0,157.267,3100.211
2496,0.003,0,0,0,0,0,0,0,0,0,0,0.83383669,0.010762744,0,0,0,0,0,0,0,0,0,0,0,0,0,0,0,0,0,0,0,0,0,0,0,0,0,157.267,3100.211
2497,0.003,0,0,0,0,0,0,0,0,0,0,0.83383669,0.010762744,0,0,0,0,0,0,0,0,0,0,0,0,0,0,0,0,0,0,0,0,0,0,0,0,0,157.267,3100.211
2498,0.003,0,0,0,0,0,0,0,0,0,0,0.83383669,0.010762744,0,0,0,0,0,0,0,0,0,0,0,0,0,0,0,0,0,0,0,0,0,0,0,0,0,157.267,3100.211
2499,0.003,0,0,0,0,0,0,0,0,0,0,0.83383669,0.010762744,0,0,0,0,0,0,0,0,0,0,0,0,0,0,0,0,0,0,0,0,0,0,0,0,0,157.267,3100.211
2500,0.003,0,0,0,0,0,0,0,0,0,0,0.83383669,0.010762744,0,0,0,0,0,0,0,0,0,0,0,0,0,0,0,0,0,0,0,0,0,0,0,0,0,157.267,3100.211